trials,target,flanker,type,correct,congruency,faces
1,/RADIATE_BMP/RADIATE_450_COLOR_BMP/WF/WF01/WF01_AC.jpg,/RADIATE_BMP/RADIATE_450_COLOR_BMP/WF/WF01/WF01_AC.jpg; /RADIATE_BMP/RADIATE_450_COLOR_BMP/WF/WF01/WF01_AC.jpg; /RADIATE_BMP/RADIATE_450_COLOR_BMP/WF/WF01/WF01_AC.jpg; /RADIATE_BMP/RADIATE_450_COLOR_BMP/WF/WF01/WF01_AC.jpg,prac,p,c,WF
2,/RADIATE_BMP/RADIATE_450_COLOR_BMP/BF/BF01/BF01_NC.jpg,/RADIATE_BMP/RADIATE_450_COLOR_BMP/BF/BF01/BF01_NC.jpg; /RADIATE_BMP/RADIATE_450_COLOR_BMP/BF/BF01/BF01_NC.jpg; /RADIATE_BMP/RADIATE_450_COLOR_BMP/BF/BF01/BF01_NC.jpg; /RADIATE_BMP/RADIATE_450_COLOR_BMP/BF/BF01/BF01_NC.jpg,prac,q,c,BF
3,/RADIATE_BMP/RADIATE_450_COLOR_BMP/BF/BF01/BF01_AC.jpg,/RADIATE_BMP/RADIATE_450_COLOR_BMP/BF/BF01/BF01_NC.jpg; /RADIATE_BMP/RADIATE_450_COLOR_BMP/BF/BF01/BF01_NC.jpg; /RADIATE_BMP/RADIATE_450_COLOR_BMP/BF/BF01/BF01_NC.jpg; /RADIATE_BMP/RADIATE_450_COLOR_BMP/BF/BF01/BF01_NC.jpg; /RADIATE_BMP/RADIATE_450_COLOR_BMP/BF/BF01/BF01_NC.jpg; /RADIATE_BMP/RADIATE_450_COLOR_BMP/BF/BF01/BF01_NC.jpg; /RADIATE_BMP/RADIATE_450_COLOR_BMP/BF/BF01/BF01_NC.jpg,prac,p,i,BF
4,/RADIATE_BMP/RADIATE_450_COLOR_BMP/WF/WF01/WF01_AC.jpg,/RADIATE_BMP/RADIATE_450_COLOR_BMP/WF/WF01/WF01_AC.jpg; /RADIATE_BMP/RADIATE_450_COLOR_BMP/WF/WF01/WF01_AC.jpg; /RADIATE_BMP/RADIATE_450_COLOR_BMP/WF/WF01/WF01_AC.jpg; /RADIATE_BMP/RADIATE_450_COLOR_BMP/WF/WF01/WF01_AC.jpg; /RADIATE_BMP/RADIATE_450_COLOR_BMP/WF/WF01/WF01_AC.jpg; /RADIATE_BMP/RADIATE_450_COLOR_BMP/WF/WF01/WF01_AC.jpg; /RADIATE_BMP/RADIATE_450_COLOR_BMP/WF/WF01/WF01_AC.jpg,prac,p,c,WF
5,/RADIATE_BMP/RADIATE_450_COLOR_BMP/BF/BF01/BF01_NC.jpg,/RADIATE_BMP/RADIATE_450_COLOR_BMP/BF/BF01/BF01_AC.jpg; /RADIATE_BMP/RADIATE_450_COLOR_BMP/BF/BF01/BF01_AC.jpg; /RADIATE_BMP/RADIATE_450_COLOR_BMP/BF/BF01/BF01_AC.jpg; /RADIATE_BMP/RADIATE_450_COLOR_BMP/BF/BF01/BF01_AC.jpg,prac,q,i,BF
6,/RADIATE_BMP/RADIATE_450_COLOR_BMP/WF/WF01/WF01_AC.jpg,/RADIATE_BMP/RADIATE_450_COLOR_BMP/WF/WF01/WF01_NC.jpg; /RADIATE_BMP/RADIATE_450_COLOR_BMP/WF/WF01/WF01_NC.jpg; /RADIATE_BMP/RADIATE_450_COLOR_BMP/WF/WF01/WF01_NC.jpg; /RADIATE_BMP/RADIATE_450_COLOR_BMP/WF/WF01/WF01_NC.jpg,prac,p,i,WF
7,/RADIATE_BMP/RADIATE_450_COLOR_BMP/WF/WF01/WF01_NC.jpg,/RADIATE_BMP/RADIATE_450_COLOR_BMP/WF/WF01/WF01_NC.jpg; /RADIATE_BMP/RADIATE_450_COLOR_BMP/WF/WF01/WF01_NC.jpg; /RADIATE_BMP/RADIATE_450_COLOR_BMP/WF/WF01/WF01_NC.jpg; /RADIATE_BMP/RADIATE_450_COLOR_BMP/WF/WF01/WF01_NC.jpg; /RADIATE_BMP/RADIATE_450_COLOR_BMP/WF/WF01/WF01_NC.jpg; /RADIATE_BMP/RADIATE_450_COLOR_BMP/WF/WF01/WF01_NC.jpg; /RADIATE_BMP/RADIATE_450_COLOR_BMP/WF/WF01/WF01_NC.jpg,prac,q,c,WF
8,/RADIATE_BMP/RADIATE_450_COLOR_BMP/BF/BF01/BF01_NC.jpg,/RADIATE_BMP/RADIATE_450_COLOR_BMP/BF/BF01/BF01_AC.jpg; /RADIATE_BMP/RADIATE_450_COLOR_BMP/BF/BF01/BF01_AC.jpg; /RADIATE_BMP/RADIATE_450_COLOR_BMP/BF/BF01/BF01_AC.jpg; /RADIATE_BMP/RADIATE_450_COLOR_BMP/BF/BF01/BF01_AC.jpg; /RADIATE_BMP/RADIATE_450_COLOR_BMP/BF/BF01/BF01_AC.jpg; /RADIATE_BMP/RADIATE_450_COLOR_BMP/BF/BF01/BF01_AC.jpg; /RADIATE_BMP/RADIATE_450_COLOR_BMP/BF/BF01/BF01_AC.jpg,prac,q,i,BF
1,/RADIATE_BMP/RADIATE_450_COLOR_BMP/WF/WF03/WF03_AC.jpg,/RADIATE_BMP/RADIATE_450_COLOR_BMP/WF/WF11/WF11_NC.jpg; /RADIATE_BMP/RADIATE_450_COLOR_BMP/WF/WF15/WF15_NC.jpg; /RADIATE_BMP/RADIATE_450_COLOR_BMP/WF/WF13/WF13_NC.jpg; /RADIATE_BMP/RADIATE_450_COLOR_BMP/WF/WF09/WF09_NC.jpg,exp,p,i,WF
2,/RADIATE_BMP/RADIATE_450_COLOR_BMP/WF/WF12/WF12_NC.jpg,/RADIATE_BMP/RADIATE_450_COLOR_BMP/WF/WF11/WF11_AC.jpg; /RADIATE_BMP/RADIATE_450_COLOR_BMP/WF/WF08/WF08_AC.jpg; /RADIATE_BMP/RADIATE_450_COLOR_BMP/WF/WF02/WF02_AC.jpg; /RADIATE_BMP/RADIATE_450_COLOR_BMP/WF/WF10/WF10_AC.jpg,exp,q,i,WF
3,/RADIATE_BMP/RADIATE_450_COLOR_BMP/WF/WF02/WF02_NC.jpg,/RADIATE_BMP/RADIATE_450_COLOR_BMP/WF/WF06/WF06_AC.jpg; /RADIATE_BMP/RADIATE_450_COLOR_BMP/WF/WF14/WF14_AC.jpg; /RADIATE_BMP/RADIATE_450_COLOR_BMP/WF/WF05/WF05_AC.jpg; /RADIATE_BMP/RADIATE_450_COLOR_BMP/WF/WF13/WF13_AC.jpg,exp,q,i,WF
4,/RADIATE_BMP/RADIATE_450_COLOR_BMP/WF/WF05/WF05_NC.jpg,/RADIATE_BMP/RADIATE_450_COLOR_BMP/WF/WF06/WF06_NC.jpg; /RADIATE_BMP/RADIATE_450_COLOR_BMP/WF/WF03/WF03_NC.jpg; /RADIATE_BMP/RADIATE_450_COLOR_BMP/WF/WF09/WF09_NC.jpg; /RADIATE_BMP/RADIATE_450_COLOR_BMP/WF/WF12/WF12_NC.jpg,exp,q,c,WF
5,/RADIATE_BMP/RADIATE_450_COLOR_BMP/BF/BF03/BF03_AC.jpg,/RADIATE_BMP/RADIATE_450_COLOR_BMP/BF/BF14/BF14_AC.jpg; /RADIATE_BMP/RADIATE_450_COLOR_BMP/BF/BF08/BF08_AC.jpg; /RADIATE_BMP/RADIATE_450_COLOR_BMP/BF/BF06/BF06_AC.jpg; /RADIATE_BMP/RADIATE_450_COLOR_BMP/BF/BF04/BF04_AC.jpg,exp,p,c,BF
6,/RADIATE_BMP/RADIATE_450_COLOR_BMP/BF/BF13/BF13_AC.jpg,/RADIATE_BMP/RADIATE_450_COLOR_BMP/BF/BF05/BF05_NC.jpg; /RADIATE_BMP/RADIATE_450_COLOR_BMP/BF/BF07/BF07_NC.jpg; /RADIATE_BMP/RADIATE_450_COLOR_BMP/BF/BF04/BF04_NC.jpg; /RADIATE_BMP/RADIATE_450_COLOR_BMP/BF/BF06/BF06_NC.jpg,exp,p,i,BF
7,/RADIATE_BMP/RADIATE_450_COLOR_BMP/WF/WF03/WF03_NC.jpg,/RADIATE_BMP/RADIATE_450_COLOR_BMP/WF/WF10/WF10_NC.jpg; /RADIATE_BMP/RADIATE_450_COLOR_BMP/WF/WF14/WF14_NC.jpg; /RADIATE_BMP/RADIATE_450_COLOR_BMP/WF/WF11/WF11_NC.jpg; /RADIATE_BMP/RADIATE_450_COLOR_BMP/WF/WF04/WF04_NC.jpg,exp,q,c,WF
8,/RADIATE_BMP/RADIATE_450_COLOR_BMP/WF/WF02/WF02_NC.jpg,/RADIATE_BMP/RADIATE_450_COLOR_BMP/WF/WF04/WF04_AC.jpg; /RADIATE_BMP/RADIATE_450_COLOR_BMP/WF/WF09/WF09_AC.jpg; /RADIATE_BMP/RADIATE_450_COLOR_BMP/WF/WF08/WF08_AC.jpg; /RADIATE_BMP/RADIATE_450_COLOR_BMP/WF/WF14/WF14_AC.jpg,exp,q,i,WF
9,/RADIATE_BMP/RADIATE_450_COLOR_BMP/BF/BF14/BF14_NC.jpg,/RADIATE_BMP/RADIATE_450_COLOR_BMP/BF/BF13/BF13_NC.jpg; /RADIATE_BMP/RADIATE_450_COLOR_BMP/BF/BF12/BF12_NC.jpg; /RADIATE_BMP/RADIATE_450_COLOR_BMP/BF/BF09/BF09_NC.jpg; /RADIATE_BMP/RADIATE_450_COLOR_BMP/BF/BF15/BF15_NC.jpg,exp,q,c,BF
10,/RADIATE_BMP/RADIATE_450_COLOR_BMP/WF/WF13/WF13_AC.jpg,/RADIATE_BMP/RADIATE_450_COLOR_BMP/WF/WF04/WF04_AC.jpg; /RADIATE_BMP/RADIATE_450_COLOR_BMP/WF/WF12/WF12_AC.jpg; /RADIATE_BMP/RADIATE_450_COLOR_BMP/WF/WF03/WF03_AC.jpg; /RADIATE_BMP/RADIATE_450_COLOR_BMP/WF/WF08/WF08_AC.jpg,exp,p,c,WF
11,/RADIATE_BMP/RADIATE_450_COLOR_BMP/BF/BF10/BF10_NC.jpg,/RADIATE_BMP/RADIATE_450_COLOR_BMP/BF/BF03/BF03_NC.jpg; /RADIATE_BMP/RADIATE_450_COLOR_BMP/BF/BF13/BF13_NC.jpg; /RADIATE_BMP/RADIATE_450_COLOR_BMP/BF/BF02/BF02_NC.jpg; /RADIATE_BMP/RADIATE_450_COLOR_BMP/BF/BF15/BF15_NC.jpg,exp,q,c,BF
12,/RADIATE_BMP/RADIATE_450_COLOR_BMP/WF/WF10/WF10_NC.jpg,/RADIATE_BMP/RADIATE_450_COLOR_BMP/WF/WF09/WF09_AC.jpg; /RADIATE_BMP/RADIATE_450_COLOR_BMP/WF/WF02/WF02_AC.jpg; /RADIATE_BMP/RADIATE_450_COLOR_BMP/WF/WF14/WF14_AC.jpg; /RADIATE_BMP/RADIATE_450_COLOR_BMP/WF/WF12/WF12_AC.jpg,exp,q,i,WF
13,/RADIATE_BMP/RADIATE_450_COLOR_BMP/BF/BF04/BF04_NC.jpg,/RADIATE_BMP/RADIATE_450_COLOR_BMP/BF/BF12/BF12_NC.jpg; /RADIATE_BMP/RADIATE_450_COLOR_BMP/BF/BF02/BF02_NC.jpg; /RADIATE_BMP/RADIATE_450_COLOR_BMP/BF/BF13/BF13_NC.jpg; /RADIATE_BMP/RADIATE_450_COLOR_BMP/BF/BF03/BF03_NC.jpg,exp,q,c,BF
14,/RADIATE_BMP/RADIATE_450_COLOR_BMP/BF/BF15/BF15_AC.jpg,/RADIATE_BMP/RADIATE_450_COLOR_BMP/BF/BF06/BF06_NC.jpg; /RADIATE_BMP/RADIATE_450_COLOR_BMP/BF/BF08/BF08_NC.jpg; /RADIATE_BMP/RADIATE_450_COLOR_BMP/BF/BF10/BF10_NC.jpg; /RADIATE_BMP/RADIATE_450_COLOR_BMP/BF/BF13/BF13_NC.jpg,exp,p,i,BF
15,/RADIATE_BMP/RADIATE_450_COLOR_BMP/WF/WF06/WF06_NC.jpg,/RADIATE_BMP/RADIATE_450_COLOR_BMP/WF/WF11/WF11_NC.jpg; /RADIATE_BMP/RADIATE_450_COLOR_BMP/WF/WF13/WF13_NC.jpg; /RADIATE_BMP/RADIATE_450_COLOR_BMP/WF/WF10/WF10_NC.jpg; /RADIATE_BMP/RADIATE_450_COLOR_BMP/WF/WF12/WF12_NC.jpg,exp,q,c,WF
16,/RADIATE_BMP/RADIATE_450_COLOR_BMP/WF/WF08/WF08_AC.jpg,/RADIATE_BMP/RADIATE_450_COLOR_BMP/WF/WF10/WF10_NC.jpg; /RADIATE_BMP/RADIATE_450_COLOR_BMP/WF/WF04/WF04_NC.jpg; /RADIATE_BMP/RADIATE_450_COLOR_BMP/WF/WF06/WF06_NC.jpg; /RADIATE_BMP/RADIATE_450_COLOR_BMP/WF/WF07/WF07_NC.jpg,exp,p,i,WF
17,/RADIATE_BMP/RADIATE_450_COLOR_BMP/BF/BF11/BF11_NC.jpg,/RADIATE_BMP/RADIATE_450_COLOR_BMP/BF/BF15/BF15_AC.jpg; /RADIATE_BMP/RADIATE_450_COLOR_BMP/BF/BF08/BF08_AC.jpg; /RADIATE_BMP/RADIATE_450_COLOR_BMP/BF/BF07/BF07_AC.jpg; /RADIATE_BMP/RADIATE_450_COLOR_BMP/BF/BF09/BF09_AC.jpg,exp,q,i,BF
18,/RADIATE_BMP/RADIATE_450_COLOR_BMP/WF/WF04/WF04_NC.jpg,/RADIATE_BMP/RADIATE_450_COLOR_BMP/WF/WF14/WF14_NC.jpg; /RADIATE_BMP/RADIATE_450_COLOR_BMP/WF/WF12/WF12_NC.jpg; /RADIATE_BMP/RADIATE_450_COLOR_BMP/WF/WF10/WF10_NC.jpg; /RADIATE_BMP/RADIATE_450_COLOR_BMP/WF/WF03/WF03_NC.jpg,exp,q,c,WF
19,/RADIATE_BMP/RADIATE_450_COLOR_BMP/BF/BF07/BF07_AC.jpg,/RADIATE_BMP/RADIATE_450_COLOR_BMP/BF/BF12/BF12_NC.jpg; /RADIATE_BMP/RADIATE_450_COLOR_BMP/BF/BF11/BF11_NC.jpg; /RADIATE_BMP/RADIATE_450_COLOR_BMP/BF/BF02/BF02_NC.jpg; /RADIATE_BMP/RADIATE_450_COLOR_BMP/BF/BF13/BF13_NC.jpg,exp,p,i,BF
20,/RADIATE_BMP/RADIATE_450_COLOR_BMP/BF/BF14/BF14_AC.jpg,/RADIATE_BMP/RADIATE_450_COLOR_BMP/BF/BF15/BF15_AC.jpg; /RADIATE_BMP/RADIATE_450_COLOR_BMP/BF/BF13/BF13_AC.jpg; /RADIATE_BMP/RADIATE_450_COLOR_BMP/BF/BF03/BF03_AC.jpg; /RADIATE_BMP/RADIATE_450_COLOR_BMP/BF/BF08/BF08_AC.jpg,exp,p,c,BF
21,/RADIATE_BMP/RADIATE_450_COLOR_BMP/WF/WF14/WF14_AC.jpg,/RADIATE_BMP/RADIATE_450_COLOR_BMP/WF/WF03/WF03_NC.jpg; /RADIATE_BMP/RADIATE_450_COLOR_BMP/WF/WF13/WF13_NC.jpg; /RADIATE_BMP/RADIATE_450_COLOR_BMP/WF/WF09/WF09_NC.jpg; /RADIATE_BMP/RADIATE_450_COLOR_BMP/WF/WF02/WF02_NC.jpg,exp,p,i,WF
22,/RADIATE_BMP/RADIATE_450_COLOR_BMP/WF/WF14/WF14_NC.jpg,/RADIATE_BMP/RADIATE_450_COLOR_BMP/WF/WF04/WF04_AC.jpg; /RADIATE_BMP/RADIATE_450_COLOR_BMP/WF/WF07/WF07_AC.jpg; /RADIATE_BMP/RADIATE_450_COLOR_BMP/WF/WF08/WF08_AC.jpg; /RADIATE_BMP/RADIATE_450_COLOR_BMP/WF/WF13/WF13_AC.jpg,exp,q,i,WF
23,/RADIATE_BMP/RADIATE_450_COLOR_BMP/BF/BF06/BF06_AC.jpg,/RADIATE_BMP/RADIATE_450_COLOR_BMP/BF/BF09/BF09_AC.jpg; /RADIATE_BMP/RADIATE_450_COLOR_BMP/BF/BF05/BF05_AC.jpg; /RADIATE_BMP/RADIATE_450_COLOR_BMP/BF/BF07/BF07_AC.jpg; /RADIATE_BMP/RADIATE_450_COLOR_BMP/BF/BF14/BF14_AC.jpg,exp,p,c,BF
24,/RADIATE_BMP/RADIATE_450_COLOR_BMP/BF/BF03/BF03_AC.jpg,/RADIATE_BMP/RADIATE_450_COLOR_BMP/BF/BF02/BF02_AC.jpg; /RADIATE_BMP/RADIATE_450_COLOR_BMP/BF/BF06/BF06_AC.jpg; /RADIATE_BMP/RADIATE_450_COLOR_BMP/BF/BF12/BF12_AC.jpg; /RADIATE_BMP/RADIATE_450_COLOR_BMP/BF/BF07/BF07_AC.jpg,exp,p,c,BF
25,/RADIATE_BMP/RADIATE_450_COLOR_BMP/BF/BF15/BF15_NC.jpg,/RADIATE_BMP/RADIATE_450_COLOR_BMP/BF/BF02/BF02_AC.jpg; /RADIATE_BMP/RADIATE_450_COLOR_BMP/BF/BF14/BF14_AC.jpg; /RADIATE_BMP/RADIATE_450_COLOR_BMP/BF/BF08/BF08_AC.jpg; /RADIATE_BMP/RADIATE_450_COLOR_BMP/BF/BF11/BF11_AC.jpg,exp,q,i,BF
26,/RADIATE_BMP/RADIATE_450_COLOR_BMP/BF/BF13/BF13_AC.jpg,/RADIATE_BMP/RADIATE_450_COLOR_BMP/BF/BF07/BF07_AC.jpg; /RADIATE_BMP/RADIATE_450_COLOR_BMP/BF/BF06/BF06_AC.jpg; /RADIATE_BMP/RADIATE_450_COLOR_BMP/BF/BF03/BF03_AC.jpg; /RADIATE_BMP/RADIATE_450_COLOR_BMP/BF/BF15/BF15_AC.jpg,exp,p,c,BF
27,/RADIATE_BMP/RADIATE_450_COLOR_BMP/BF/BF04/BF04_NC.jpg,/RADIATE_BMP/RADIATE_450_COLOR_BMP/BF/BF07/BF07_AC.jpg; /RADIATE_BMP/RADIATE_450_COLOR_BMP/BF/BF09/BF09_AC.jpg; /RADIATE_BMP/RADIATE_450_COLOR_BMP/BF/BF11/BF11_AC.jpg; /RADIATE_BMP/RADIATE_450_COLOR_BMP/BF/BF14/BF14_AC.jpg,exp,q,i,BF
28,/RADIATE_BMP/RADIATE_450_COLOR_BMP/BF/BF08/BF08_NC.jpg,/RADIATE_BMP/RADIATE_450_COLOR_BMP/BF/BF12/BF12_AC.jpg; /RADIATE_BMP/RADIATE_450_COLOR_BMP/BF/BF10/BF10_AC.jpg; /RADIATE_BMP/RADIATE_450_COLOR_BMP/BF/BF06/BF06_AC.jpg; /RADIATE_BMP/RADIATE_450_COLOR_BMP/BF/BF15/BF15_AC.jpg,exp,q,i,BF
29,/RADIATE_BMP/RADIATE_450_COLOR_BMP/WF/WF11/WF11_NC.jpg,/RADIATE_BMP/RADIATE_450_COLOR_BMP/WF/WF13/WF13_NC.jpg; /RADIATE_BMP/RADIATE_450_COLOR_BMP/WF/WF09/WF09_NC.jpg; /RADIATE_BMP/RADIATE_450_COLOR_BMP/WF/WF12/WF12_NC.jpg; /RADIATE_BMP/RADIATE_450_COLOR_BMP/WF/WF08/WF08_NC.jpg,exp,q,c,WF
30,/RADIATE_BMP/RADIATE_450_COLOR_BMP/BF/BF11/BF11_AC.jpg,/RADIATE_BMP/RADIATE_450_COLOR_BMP/BF/BF08/BF08_NC.jpg; /RADIATE_BMP/RADIATE_450_COLOR_BMP/BF/BF07/BF07_NC.jpg; /RADIATE_BMP/RADIATE_450_COLOR_BMP/BF/BF02/BF02_NC.jpg; /RADIATE_BMP/RADIATE_450_COLOR_BMP/BF/BF09/BF09_NC.jpg,exp,p,i,BF
31,/RADIATE_BMP/RADIATE_450_COLOR_BMP/WF/WF15/WF15_AC.jpg,/RADIATE_BMP/RADIATE_450_COLOR_BMP/WF/WF08/WF08_NC.jpg; /RADIATE_BMP/RADIATE_450_COLOR_BMP/WF/WF13/WF13_NC.jpg; /RADIATE_BMP/RADIATE_450_COLOR_BMP/WF/WF03/WF03_NC.jpg; /RADIATE_BMP/RADIATE_450_COLOR_BMP/WF/WF02/WF02_NC.jpg,exp,p,i,WF
32,/RADIATE_BMP/RADIATE_450_COLOR_BMP/WF/WF12/WF12_AC.jpg,/RADIATE_BMP/RADIATE_450_COLOR_BMP/WF/WF15/WF15_AC.jpg; /RADIATE_BMP/RADIATE_450_COLOR_BMP/WF/WF02/WF02_AC.jpg; /RADIATE_BMP/RADIATE_450_COLOR_BMP/WF/WF05/WF05_AC.jpg; /RADIATE_BMP/RADIATE_450_COLOR_BMP/WF/WF11/WF11_AC.jpg,exp,p,c,WF
33,/RADIATE_BMP/RADIATE_450_COLOR_BMP/BF/BF07/BF07_NC.jpg,/RADIATE_BMP/RADIATE_450_COLOR_BMP/BF/BF10/BF10_AC.jpg; /RADIATE_BMP/RADIATE_450_COLOR_BMP/BF/BF02/BF02_AC.jpg; /RADIATE_BMP/RADIATE_450_COLOR_BMP/BF/BF03/BF03_AC.jpg; /RADIATE_BMP/RADIATE_450_COLOR_BMP/BF/BF13/BF13_AC.jpg,exp,q,i,BF
34,/RADIATE_BMP/RADIATE_450_COLOR_BMP/BF/BF03/BF03_AC.jpg,/RADIATE_BMP/RADIATE_450_COLOR_BMP/BF/BF13/BF13_AC.jpg; /RADIATE_BMP/RADIATE_450_COLOR_BMP/BF/BF04/BF04_AC.jpg; /RADIATE_BMP/RADIATE_450_COLOR_BMP/BF/BF05/BF05_AC.jpg; /RADIATE_BMP/RADIATE_450_COLOR_BMP/BF/BF06/BF06_AC.jpg,exp,p,c,BF
35,/RADIATE_BMP/RADIATE_450_COLOR_BMP/BF/BF15/BF15_NC.jpg,/RADIATE_BMP/RADIATE_450_COLOR_BMP/BF/BF10/BF10_NC.jpg; /RADIATE_BMP/RADIATE_450_COLOR_BMP/BF/BF13/BF13_NC.jpg; /RADIATE_BMP/RADIATE_450_COLOR_BMP/BF/BF09/BF09_NC.jpg; /RADIATE_BMP/RADIATE_450_COLOR_BMP/BF/BF02/BF02_NC.jpg,exp,q,c,BF
36,/RADIATE_BMP/RADIATE_450_COLOR_BMP/BF/BF05/BF05_NC.jpg,/RADIATE_BMP/RADIATE_450_COLOR_BMP/BF/BF02/BF02_NC.jpg; /RADIATE_BMP/RADIATE_450_COLOR_BMP/BF/BF14/BF14_NC.jpg; /RADIATE_BMP/RADIATE_450_COLOR_BMP/BF/BF10/BF10_NC.jpg; /RADIATE_BMP/RADIATE_450_COLOR_BMP/BF/BF12/BF12_NC.jpg,exp,q,c,BF
37,/RADIATE_BMP/RADIATE_450_COLOR_BMP/WF/WF06/WF06_NC.jpg,/RADIATE_BMP/RADIATE_450_COLOR_BMP/WF/WF04/WF04_AC.jpg; /RADIATE_BMP/RADIATE_450_COLOR_BMP/WF/WF07/WF07_AC.jpg; /RADIATE_BMP/RADIATE_450_COLOR_BMP/WF/WF13/WF13_AC.jpg; /RADIATE_BMP/RADIATE_450_COLOR_BMP/WF/WF03/WF03_AC.jpg,exp,q,i,WF
38,/RADIATE_BMP/RADIATE_450_COLOR_BMP/WF/WF08/WF08_AC.jpg,/RADIATE_BMP/RADIATE_450_COLOR_BMP/WF/WF14/WF14_AC.jpg; /RADIATE_BMP/RADIATE_450_COLOR_BMP/WF/WF13/WF13_AC.jpg; /RADIATE_BMP/RADIATE_450_COLOR_BMP/WF/WF06/WF06_AC.jpg; /RADIATE_BMP/RADIATE_450_COLOR_BMP/WF/WF12/WF12_AC.jpg,exp,p,c,WF
39,/RADIATE_BMP/RADIATE_450_COLOR_BMP/WF/WF15/WF15_NC.jpg,/RADIATE_BMP/RADIATE_450_COLOR_BMP/WF/WF06/WF06_AC.jpg; /RADIATE_BMP/RADIATE_450_COLOR_BMP/WF/WF10/WF10_AC.jpg; /RADIATE_BMP/RADIATE_450_COLOR_BMP/WF/WF13/WF13_AC.jpg; /RADIATE_BMP/RADIATE_450_COLOR_BMP/WF/WF08/WF08_AC.jpg,exp,q,i,WF
40,/RADIATE_BMP/RADIATE_450_COLOR_BMP/WF/WF02/WF02_AC.jpg,/RADIATE_BMP/RADIATE_450_COLOR_BMP/WF/WF13/WF13_AC.jpg; /RADIATE_BMP/RADIATE_450_COLOR_BMP/WF/WF04/WF04_AC.jpg; /RADIATE_BMP/RADIATE_450_COLOR_BMP/WF/WF09/WF09_AC.jpg; /RADIATE_BMP/RADIATE_450_COLOR_BMP/WF/WF08/WF08_AC.jpg,exp,p,c,WF
41,/RADIATE_BMP/RADIATE_450_COLOR_BMP/BF/BF06/BF06_NC.jpg,/RADIATE_BMP/RADIATE_450_COLOR_BMP/BF/BF08/BF08_AC.jpg; /RADIATE_BMP/RADIATE_450_COLOR_BMP/BF/BF14/BF14_AC.jpg; /RADIATE_BMP/RADIATE_450_COLOR_BMP/BF/BF04/BF04_AC.jpg; /RADIATE_BMP/RADIATE_450_COLOR_BMP/BF/BF03/BF03_AC.jpg,exp,q,i,BF
42,/RADIATE_BMP/RADIATE_450_COLOR_BMP/WF/WF09/WF09_AC.jpg,/RADIATE_BMP/RADIATE_450_COLOR_BMP/WF/WF11/WF11_AC.jpg; /RADIATE_BMP/RADIATE_450_COLOR_BMP/WF/WF13/WF13_AC.jpg; /RADIATE_BMP/RADIATE_450_COLOR_BMP/WF/WF02/WF02_AC.jpg; /RADIATE_BMP/RADIATE_450_COLOR_BMP/WF/WF04/WF04_AC.jpg,exp,p,c,WF
43,/RADIATE_BMP/RADIATE_450_COLOR_BMP/BF/BF06/BF06_AC.jpg,/RADIATE_BMP/RADIATE_450_COLOR_BMP/BF/BF08/BF08_NC.jpg; /RADIATE_BMP/RADIATE_450_COLOR_BMP/BF/BF10/BF10_NC.jpg; /RADIATE_BMP/RADIATE_450_COLOR_BMP/BF/BF14/BF14_NC.jpg; /RADIATE_BMP/RADIATE_450_COLOR_BMP/BF/BF07/BF07_NC.jpg,exp,p,i,BF
44,/RADIATE_BMP/RADIATE_450_COLOR_BMP/WF/WF07/WF07_AC.jpg,/RADIATE_BMP/RADIATE_450_COLOR_BMP/WF/WF14/WF14_NC.jpg; /RADIATE_BMP/RADIATE_450_COLOR_BMP/WF/WF05/WF05_NC.jpg; /RADIATE_BMP/RADIATE_450_COLOR_BMP/WF/WF13/WF13_NC.jpg; /RADIATE_BMP/RADIATE_450_COLOR_BMP/WF/WF03/WF03_NC.jpg,exp,p,i,WF
45,/RADIATE_BMP/RADIATE_450_COLOR_BMP/WF/WF06/WF06_NC.jpg,/RADIATE_BMP/RADIATE_450_COLOR_BMP/WF/WF07/WF07_AC.jpg; /RADIATE_BMP/RADIATE_450_COLOR_BMP/WF/WF10/WF10_AC.jpg; /RADIATE_BMP/RADIATE_450_COLOR_BMP/WF/WF13/WF13_AC.jpg; /RADIATE_BMP/RADIATE_450_COLOR_BMP/WF/WF08/WF08_AC.jpg,exp,q,i,WF
46,/RADIATE_BMP/RADIATE_450_COLOR_BMP/WF/WF15/WF15_NC.jpg,/RADIATE_BMP/RADIATE_450_COLOR_BMP/WF/WF10/WF10_NC.jpg; /RADIATE_BMP/RADIATE_450_COLOR_BMP/WF/WF07/WF07_NC.jpg; /RADIATE_BMP/RADIATE_450_COLOR_BMP/WF/WF05/WF05_NC.jpg; /RADIATE_BMP/RADIATE_450_COLOR_BMP/WF/WF11/WF11_NC.jpg,exp,q,c,WF
47,/RADIATE_BMP/RADIATE_450_COLOR_BMP/WF/WF14/WF14_NC.jpg,/RADIATE_BMP/RADIATE_450_COLOR_BMP/WF/WF10/WF10_AC.jpg; /RADIATE_BMP/RADIATE_450_COLOR_BMP/WF/WF07/WF07_AC.jpg; /RADIATE_BMP/RADIATE_450_COLOR_BMP/WF/WF05/WF05_AC.jpg; /RADIATE_BMP/RADIATE_450_COLOR_BMP/WF/WF02/WF02_AC.jpg,exp,q,i,WF
48,/RADIATE_BMP/RADIATE_450_COLOR_BMP/WF/WF12/WF12_AC.jpg,/RADIATE_BMP/RADIATE_450_COLOR_BMP/WF/WF05/WF05_NC.jpg; /RADIATE_BMP/RADIATE_450_COLOR_BMP/WF/WF15/WF15_NC.jpg; /RADIATE_BMP/RADIATE_450_COLOR_BMP/WF/WF14/WF14_NC.jpg; /RADIATE_BMP/RADIATE_450_COLOR_BMP/WF/WF03/WF03_NC.jpg,exp,p,i,WF
49,/RADIATE_BMP/RADIATE_450_COLOR_BMP/BF/BF05/BF05_NC.jpg,/RADIATE_BMP/RADIATE_450_COLOR_BMP/BF/BF13/BF13_AC.jpg; /RADIATE_BMP/RADIATE_450_COLOR_BMP/BF/BF03/BF03_AC.jpg; /RADIATE_BMP/RADIATE_450_COLOR_BMP/BF/BF06/BF06_AC.jpg; /RADIATE_BMP/RADIATE_450_COLOR_BMP/BF/BF14/BF14_AC.jpg,exp,q,i,BF
50,/RADIATE_BMP/RADIATE_450_COLOR_BMP/WF/WF15/WF15_AC.jpg,/RADIATE_BMP/RADIATE_450_COLOR_BMP/WF/WF06/WF06_AC.jpg; /RADIATE_BMP/RADIATE_450_COLOR_BMP/WF/WF08/WF08_AC.jpg; /RADIATE_BMP/RADIATE_450_COLOR_BMP/WF/WF09/WF09_AC.jpg; /RADIATE_BMP/RADIATE_450_COLOR_BMP/WF/WF11/WF11_AC.jpg,exp,p,c,WF
51,/RADIATE_BMP/RADIATE_450_COLOR_BMP/BF/BF12/BF12_NC.jpg,/RADIATE_BMP/RADIATE_450_COLOR_BMP/BF/BF02/BF02_NC.jpg; /RADIATE_BMP/RADIATE_450_COLOR_BMP/BF/BF15/BF15_NC.jpg; /RADIATE_BMP/RADIATE_450_COLOR_BMP/BF/BF13/BF13_NC.jpg; /RADIATE_BMP/RADIATE_450_COLOR_BMP/BF/BF06/BF06_NC.jpg,exp,q,c,BF
52,/RADIATE_BMP/RADIATE_450_COLOR_BMP/BF/BF03/BF03_AC.jpg,/RADIATE_BMP/RADIATE_450_COLOR_BMP/BF/BF09/BF09_NC.jpg; /RADIATE_BMP/RADIATE_450_COLOR_BMP/BF/BF07/BF07_NC.jpg; /RADIATE_BMP/RADIATE_450_COLOR_BMP/BF/BF13/BF13_NC.jpg; /RADIATE_BMP/RADIATE_450_COLOR_BMP/BF/BF10/BF10_NC.jpg,exp,p,i,BF
53,/RADIATE_BMP/RADIATE_450_COLOR_BMP/WF/WF14/WF14_NC.jpg,/RADIATE_BMP/RADIATE_450_COLOR_BMP/WF/WF02/WF02_NC.jpg; /RADIATE_BMP/RADIATE_450_COLOR_BMP/WF/WF15/WF15_NC.jpg; /RADIATE_BMP/RADIATE_450_COLOR_BMP/WF/WF11/WF11_NC.jpg; /RADIATE_BMP/RADIATE_450_COLOR_BMP/WF/WF04/WF04_NC.jpg,exp,q,c,WF
54,/RADIATE_BMP/RADIATE_450_COLOR_BMP/BF/BF08/BF08_NC.jpg,/RADIATE_BMP/RADIATE_450_COLOR_BMP/BF/BF11/BF11_AC.jpg; /RADIATE_BMP/RADIATE_450_COLOR_BMP/BF/BF03/BF03_AC.jpg; /RADIATE_BMP/RADIATE_450_COLOR_BMP/BF/BF07/BF07_AC.jpg; /RADIATE_BMP/RADIATE_450_COLOR_BMP/BF/BF14/BF14_AC.jpg,exp,q,i,BF
55,/RADIATE_BMP/RADIATE_450_COLOR_BMP/WF/WF05/WF05_AC.jpg,/RADIATE_BMP/RADIATE_450_COLOR_BMP/WF/WF09/WF09_NC.jpg; /RADIATE_BMP/RADIATE_450_COLOR_BMP/WF/WF08/WF08_NC.jpg; /RADIATE_BMP/RADIATE_450_COLOR_BMP/WF/WF11/WF11_NC.jpg; /RADIATE_BMP/RADIATE_450_COLOR_BMP/WF/WF07/WF07_NC.jpg,exp,p,i,WF
56,/RADIATE_BMP/RADIATE_450_COLOR_BMP/BF/BF15/BF15_AC.jpg,/RADIATE_BMP/RADIATE_450_COLOR_BMP/BF/BF03/BF03_AC.jpg; /RADIATE_BMP/RADIATE_450_COLOR_BMP/BF/BF10/BF10_AC.jpg; /RADIATE_BMP/RADIATE_450_COLOR_BMP/BF/BF14/BF14_AC.jpg; /RADIATE_BMP/RADIATE_450_COLOR_BMP/BF/BF02/BF02_AC.jpg,exp,p,c,BF
57,/RADIATE_BMP/RADIATE_450_COLOR_BMP/BF/BF10/BF10_NC.jpg,/RADIATE_BMP/RADIATE_450_COLOR_BMP/BF/BF12/BF12_NC.jpg; /RADIATE_BMP/RADIATE_450_COLOR_BMP/BF/BF02/BF02_NC.jpg; /RADIATE_BMP/RADIATE_450_COLOR_BMP/BF/BF15/BF15_NC.jpg; /RADIATE_BMP/RADIATE_450_COLOR_BMP/BF/BF14/BF14_NC.jpg,exp,q,c,BF
58,/RADIATE_BMP/RADIATE_450_COLOR_BMP/WF/WF13/WF13_NC.jpg,/RADIATE_BMP/RADIATE_450_COLOR_BMP/WF/WF03/WF03_AC.jpg; /RADIATE_BMP/RADIATE_450_COLOR_BMP/WF/WF04/WF04_AC.jpg; /RADIATE_BMP/RADIATE_450_COLOR_BMP/WF/WF06/WF06_AC.jpg; /RADIATE_BMP/RADIATE_450_COLOR_BMP/WF/WF05/WF05_AC.jpg,exp,q,i,WF
59,/RADIATE_BMP/RADIATE_450_COLOR_BMP/WF/WF12/WF12_AC.jpg,/RADIATE_BMP/RADIATE_450_COLOR_BMP/WF/WF13/WF13_AC.jpg; /RADIATE_BMP/RADIATE_450_COLOR_BMP/WF/WF07/WF07_AC.jpg; /RADIATE_BMP/RADIATE_450_COLOR_BMP/WF/WF09/WF09_AC.jpg; /RADIATE_BMP/RADIATE_450_COLOR_BMP/WF/WF02/WF02_AC.jpg,exp,p,c,WF
60,/RADIATE_BMP/RADIATE_450_COLOR_BMP/BF/BF02/BF02_AC.jpg,/RADIATE_BMP/RADIATE_450_COLOR_BMP/BF/BF14/BF14_NC.jpg; /RADIATE_BMP/RADIATE_450_COLOR_BMP/BF/BF06/BF06_NC.jpg; /RADIATE_BMP/RADIATE_450_COLOR_BMP/BF/BF08/BF08_NC.jpg; /RADIATE_BMP/RADIATE_450_COLOR_BMP/BF/BF09/BF09_NC.jpg,exp,p,i,BF
61,/RADIATE_BMP/RADIATE_450_COLOR_BMP/BF/BF08/BF08_NC.jpg,/RADIATE_BMP/RADIATE_450_COLOR_BMP/BF/BF04/BF04_AC.jpg; /RADIATE_BMP/RADIATE_450_COLOR_BMP/BF/BF12/BF12_AC.jpg; /RADIATE_BMP/RADIATE_450_COLOR_BMP/BF/BF02/BF02_AC.jpg; /RADIATE_BMP/RADIATE_450_COLOR_BMP/BF/BF03/BF03_AC.jpg,exp,q,i,BF
62,/RADIATE_BMP/RADIATE_450_COLOR_BMP/BF/BF05/BF05_NC.jpg,/RADIATE_BMP/RADIATE_450_COLOR_BMP/BF/BF11/BF11_NC.jpg; /RADIATE_BMP/RADIATE_450_COLOR_BMP/BF/BF07/BF07_NC.jpg; /RADIATE_BMP/RADIATE_450_COLOR_BMP/BF/BF15/BF15_NC.jpg; /RADIATE_BMP/RADIATE_450_COLOR_BMP/BF/BF02/BF02_NC.jpg,exp,q,c,BF
63,/RADIATE_BMP/RADIATE_450_COLOR_BMP/WF/WF10/WF10_AC.jpg,/RADIATE_BMP/RADIATE_450_COLOR_BMP/WF/WF11/WF11_NC.jpg; /RADIATE_BMP/RADIATE_450_COLOR_BMP/WF/WF15/WF15_NC.jpg; /RADIATE_BMP/RADIATE_450_COLOR_BMP/WF/WF12/WF12_NC.jpg; /RADIATE_BMP/RADIATE_450_COLOR_BMP/WF/WF08/WF08_NC.jpg,exp,p,i,WF
64,/RADIATE_BMP/RADIATE_450_COLOR_BMP/BF/BF05/BF05_NC.jpg,/RADIATE_BMP/RADIATE_450_COLOR_BMP/BF/BF08/BF08_AC.jpg; /RADIATE_BMP/RADIATE_450_COLOR_BMP/BF/BF14/BF14_AC.jpg; /RADIATE_BMP/RADIATE_450_COLOR_BMP/BF/BF10/BF10_AC.jpg; /RADIATE_BMP/RADIATE_450_COLOR_BMP/BF/BF04/BF04_AC.jpg,exp,q,i,BF
65,/RADIATE_BMP/RADIATE_450_COLOR_BMP/WF/WF09/WF09_NC.jpg,/RADIATE_BMP/RADIATE_450_COLOR_BMP/WF/WF04/WF04_NC.jpg; /RADIATE_BMP/RADIATE_450_COLOR_BMP/WF/WF03/WF03_NC.jpg; /RADIATE_BMP/RADIATE_450_COLOR_BMP/WF/WF07/WF07_NC.jpg; /RADIATE_BMP/RADIATE_450_COLOR_BMP/WF/WF14/WF14_NC.jpg,exp,q,c,WF
66,/RADIATE_BMP/RADIATE_450_COLOR_BMP/WF/WF03/WF03_AC.jpg,/RADIATE_BMP/RADIATE_450_COLOR_BMP/WF/WF11/WF11_NC.jpg; /RADIATE_BMP/RADIATE_450_COLOR_BMP/WF/WF06/WF06_NC.jpg; /RADIATE_BMP/RADIATE_450_COLOR_BMP/WF/WF10/WF10_NC.jpg; /RADIATE_BMP/RADIATE_450_COLOR_BMP/WF/WF14/WF14_NC.jpg,exp,p,i,WF
67,/RADIATE_BMP/RADIATE_450_COLOR_BMP/BF/BF07/BF07_AC.jpg,/RADIATE_BMP/RADIATE_450_COLOR_BMP/BF/BF03/BF03_AC.jpg; /RADIATE_BMP/RADIATE_450_COLOR_BMP/BF/BF02/BF02_AC.jpg; /RADIATE_BMP/RADIATE_450_COLOR_BMP/BF/BF04/BF04_AC.jpg; /RADIATE_BMP/RADIATE_450_COLOR_BMP/BF/BF09/BF09_AC.jpg,exp,p,c,BF
68,/RADIATE_BMP/RADIATE_450_COLOR_BMP/WF/WF02/WF02_NC.jpg,/RADIATE_BMP/RADIATE_450_COLOR_BMP/WF/WF04/WF04_NC.jpg; /RADIATE_BMP/RADIATE_450_COLOR_BMP/WF/WF06/WF06_NC.jpg; /RADIATE_BMP/RADIATE_450_COLOR_BMP/WF/WF14/WF14_NC.jpg; /RADIATE_BMP/RADIATE_450_COLOR_BMP/WF/WF08/WF08_NC.jpg,exp,q,c,WF
69,/RADIATE_BMP/RADIATE_450_COLOR_BMP/BF/BF09/BF09_AC.jpg,/RADIATE_BMP/RADIATE_450_COLOR_BMP/BF/BF07/BF07_NC.jpg; /RADIATE_BMP/RADIATE_450_COLOR_BMP/BF/BF15/BF15_NC.jpg; /RADIATE_BMP/RADIATE_450_COLOR_BMP/BF/BF03/BF03_NC.jpg; /RADIATE_BMP/RADIATE_450_COLOR_BMP/BF/BF10/BF10_NC.jpg,exp,p,i,BF
70,/RADIATE_BMP/RADIATE_450_COLOR_BMP/WF/WF06/WF06_AC.jpg,/RADIATE_BMP/RADIATE_450_COLOR_BMP/WF/WF13/WF13_AC.jpg; /RADIATE_BMP/RADIATE_450_COLOR_BMP/WF/WF08/WF08_AC.jpg; /RADIATE_BMP/RADIATE_450_COLOR_BMP/WF/WF02/WF02_AC.jpg; /RADIATE_BMP/RADIATE_450_COLOR_BMP/WF/WF14/WF14_AC.jpg,exp,p,c,WF
71,/RADIATE_BMP/RADIATE_450_COLOR_BMP/WF/WF11/WF11_NC.jpg,/RADIATE_BMP/RADIATE_450_COLOR_BMP/WF/WF15/WF15_AC.jpg; /RADIATE_BMP/RADIATE_450_COLOR_BMP/WF/WF10/WF10_AC.jpg; /RADIATE_BMP/RADIATE_450_COLOR_BMP/WF/WF13/WF13_AC.jpg; /RADIATE_BMP/RADIATE_450_COLOR_BMP/WF/WF02/WF02_AC.jpg,exp,q,i,WF
72,/RADIATE_BMP/RADIATE_450_COLOR_BMP/WF/WF14/WF14_NC.jpg,/RADIATE_BMP/RADIATE_450_COLOR_BMP/WF/WF11/WF11_NC.jpg; /RADIATE_BMP/RADIATE_450_COLOR_BMP/WF/WF07/WF07_NC.jpg; /RADIATE_BMP/RADIATE_450_COLOR_BMP/WF/WF10/WF10_NC.jpg; /RADIATE_BMP/RADIATE_450_COLOR_BMP/WF/WF13/WF13_NC.jpg,exp,q,c,WF
73,/RADIATE_BMP/RADIATE_450_COLOR_BMP/WF/WF14/WF14_AC.jpg,/RADIATE_BMP/RADIATE_450_COLOR_BMP/WF/WF11/WF11_NC.jpg; /RADIATE_BMP/RADIATE_450_COLOR_BMP/WF/WF12/WF12_NC.jpg; /RADIATE_BMP/RADIATE_450_COLOR_BMP/WF/WF13/WF13_NC.jpg; /RADIATE_BMP/RADIATE_450_COLOR_BMP/WF/WF03/WF03_NC.jpg,exp,p,i,WF
74,/RADIATE_BMP/RADIATE_450_COLOR_BMP/WF/WF12/WF12_NC.jpg,/RADIATE_BMP/RADIATE_450_COLOR_BMP/WF/WF03/WF03_NC.jpg; /RADIATE_BMP/RADIATE_450_COLOR_BMP/WF/WF04/WF04_NC.jpg; /RADIATE_BMP/RADIATE_450_COLOR_BMP/WF/WF15/WF15_NC.jpg; /RADIATE_BMP/RADIATE_450_COLOR_BMP/WF/WF02/WF02_NC.jpg,exp,q,c,WF
75,/RADIATE_BMP/RADIATE_450_COLOR_BMP/BF/BF14/BF14_NC.jpg,/RADIATE_BMP/RADIATE_450_COLOR_BMP/BF/BF05/BF05_AC.jpg; /RADIATE_BMP/RADIATE_450_COLOR_BMP/BF/BF03/BF03_AC.jpg; /RADIATE_BMP/RADIATE_450_COLOR_BMP/BF/BF11/BF11_AC.jpg; /RADIATE_BMP/RADIATE_450_COLOR_BMP/BF/BF10/BF10_AC.jpg,exp,q,i,BF
76,/RADIATE_BMP/RADIATE_450_COLOR_BMP/WF/WF02/WF02_NC.jpg,/RADIATE_BMP/RADIATE_450_COLOR_BMP/WF/WF12/WF12_NC.jpg; /RADIATE_BMP/RADIATE_450_COLOR_BMP/WF/WF14/WF14_NC.jpg; /RADIATE_BMP/RADIATE_450_COLOR_BMP/WF/WF06/WF06_NC.jpg; /RADIATE_BMP/RADIATE_450_COLOR_BMP/WF/WF08/WF08_NC.jpg,exp,q,c,WF
77,/RADIATE_BMP/RADIATE_450_COLOR_BMP/BF/BF07/BF07_AC.jpg,/RADIATE_BMP/RADIATE_450_COLOR_BMP/BF/BF02/BF02_NC.jpg; /RADIATE_BMP/RADIATE_450_COLOR_BMP/BF/BF03/BF03_NC.jpg; /RADIATE_BMP/RADIATE_450_COLOR_BMP/BF/BF09/BF09_NC.jpg; /RADIATE_BMP/RADIATE_450_COLOR_BMP/BF/BF13/BF13_NC.jpg,exp,p,i,BF
78,/RADIATE_BMP/RADIATE_450_COLOR_BMP/BF/BF09/BF09_AC.jpg,/RADIATE_BMP/RADIATE_450_COLOR_BMP/BF/BF05/BF05_AC.jpg; /RADIATE_BMP/RADIATE_450_COLOR_BMP/BF/BF07/BF07_AC.jpg; /RADIATE_BMP/RADIATE_450_COLOR_BMP/BF/BF08/BF08_AC.jpg; /RADIATE_BMP/RADIATE_450_COLOR_BMP/BF/BF12/BF12_AC.jpg,exp,p,c,BF
79,/RADIATE_BMP/RADIATE_450_COLOR_BMP/BF/BF14/BF14_AC.jpg,/RADIATE_BMP/RADIATE_450_COLOR_BMP/BF/BF13/BF13_AC.jpg; /RADIATE_BMP/RADIATE_450_COLOR_BMP/BF/BF08/BF08_AC.jpg; /RADIATE_BMP/RADIATE_450_COLOR_BMP/BF/BF09/BF09_AC.jpg; /RADIATE_BMP/RADIATE_450_COLOR_BMP/BF/BF12/BF12_AC.jpg,exp,p,c,BF
80,/RADIATE_BMP/RADIATE_450_COLOR_BMP/WF/WF10/WF10_NC.jpg,/RADIATE_BMP/RADIATE_450_COLOR_BMP/WF/WF14/WF14_AC.jpg; /RADIATE_BMP/RADIATE_450_COLOR_BMP/WF/WF09/WF09_AC.jpg; /RADIATE_BMP/RADIATE_450_COLOR_BMP/WF/WF12/WF12_AC.jpg; /RADIATE_BMP/RADIATE_450_COLOR_BMP/WF/WF04/WF04_AC.jpg,exp,q,i,WF
81,/RADIATE_BMP/RADIATE_450_COLOR_BMP/WF/WF06/WF06_NC.jpg,/RADIATE_BMP/RADIATE_450_COLOR_BMP/WF/WF03/WF03_NC.jpg; /RADIATE_BMP/RADIATE_450_COLOR_BMP/WF/WF10/WF10_NC.jpg; /RADIATE_BMP/RADIATE_450_COLOR_BMP/WF/WF07/WF07_NC.jpg; /RADIATE_BMP/RADIATE_450_COLOR_BMP/WF/WF05/WF05_NC.jpg,exp,q,c,WF
82,/RADIATE_BMP/RADIATE_450_COLOR_BMP/BF/BF09/BF09_AC.jpg,/RADIATE_BMP/RADIATE_450_COLOR_BMP/BF/BF14/BF14_NC.jpg; /RADIATE_BMP/RADIATE_450_COLOR_BMP/BF/BF15/BF15_NC.jpg; /RADIATE_BMP/RADIATE_450_COLOR_BMP/BF/BF13/BF13_NC.jpg; /RADIATE_BMP/RADIATE_450_COLOR_BMP/BF/BF02/BF02_NC.jpg,exp,p,i,BF
83,/RADIATE_BMP/RADIATE_450_COLOR_BMP/BF/BF07/BF07_NC.jpg,/RADIATE_BMP/RADIATE_450_COLOR_BMP/BF/BF11/BF11_NC.jpg; /RADIATE_BMP/RADIATE_450_COLOR_BMP/BF/BF13/BF13_NC.jpg; /RADIATE_BMP/RADIATE_450_COLOR_BMP/BF/BF03/BF03_NC.jpg; /RADIATE_BMP/RADIATE_450_COLOR_BMP/BF/BF08/BF08_NC.jpg,exp,q,c,BF
84,/RADIATE_BMP/RADIATE_450_COLOR_BMP/WF/WF05/WF05_NC.jpg,/RADIATE_BMP/RADIATE_450_COLOR_BMP/WF/WF12/WF12_AC.jpg; /RADIATE_BMP/RADIATE_450_COLOR_BMP/WF/WF11/WF11_AC.jpg; /RADIATE_BMP/RADIATE_450_COLOR_BMP/WF/WF06/WF06_AC.jpg; /RADIATE_BMP/RADIATE_450_COLOR_BMP/WF/WF15/WF15_AC.jpg,exp,q,i,WF
85,/RADIATE_BMP/RADIATE_450_COLOR_BMP/BF/BF11/BF11_AC.jpg,/RADIATE_BMP/RADIATE_450_COLOR_BMP/BF/BF07/BF07_NC.jpg; /RADIATE_BMP/RADIATE_450_COLOR_BMP/BF/BF10/BF10_NC.jpg; /RADIATE_BMP/RADIATE_450_COLOR_BMP/BF/BF02/BF02_NC.jpg; /RADIATE_BMP/RADIATE_450_COLOR_BMP/BF/BF05/BF05_NC.jpg,exp,p,i,BF
86,/RADIATE_BMP/RADIATE_450_COLOR_BMP/WF/WF09/WF09_NC.jpg,/RADIATE_BMP/RADIATE_450_COLOR_BMP/WF/WF02/WF02_NC.jpg; /RADIATE_BMP/RADIATE_450_COLOR_BMP/WF/WF14/WF14_NC.jpg; /RADIATE_BMP/RADIATE_450_COLOR_BMP/WF/WF10/WF10_NC.jpg; /RADIATE_BMP/RADIATE_450_COLOR_BMP/WF/WF06/WF06_NC.jpg,exp,q,c,WF
87,/RADIATE_BMP/RADIATE_450_COLOR_BMP/BF/BF15/BF15_NC.jpg,/RADIATE_BMP/RADIATE_450_COLOR_BMP/BF/BF02/BF02_NC.jpg; /RADIATE_BMP/RADIATE_450_COLOR_BMP/BF/BF06/BF06_NC.jpg; /RADIATE_BMP/RADIATE_450_COLOR_BMP/BF/BF14/BF14_NC.jpg; /RADIATE_BMP/RADIATE_450_COLOR_BMP/BF/BF05/BF05_NC.jpg,exp,q,c,BF
88,/RADIATE_BMP/RADIATE_450_COLOR_BMP/WF/WF10/WF10_AC.jpg,/RADIATE_BMP/RADIATE_450_COLOR_BMP/WF/WF08/WF08_NC.jpg; /RADIATE_BMP/RADIATE_450_COLOR_BMP/WF/WF07/WF07_NC.jpg; /RADIATE_BMP/RADIATE_450_COLOR_BMP/WF/WF05/WF05_NC.jpg; /RADIATE_BMP/RADIATE_450_COLOR_BMP/WF/WF09/WF09_NC.jpg,exp,p,i,WF
89,/RADIATE_BMP/RADIATE_450_COLOR_BMP/BF/BF07/BF07_NC.jpg,/RADIATE_BMP/RADIATE_450_COLOR_BMP/BF/BF11/BF11_AC.jpg; /RADIATE_BMP/RADIATE_450_COLOR_BMP/BF/BF15/BF15_AC.jpg; /RADIATE_BMP/RADIATE_450_COLOR_BMP/BF/BF13/BF13_AC.jpg; /RADIATE_BMP/RADIATE_450_COLOR_BMP/BF/BF04/BF04_AC.jpg,exp,q,i,BF
90,/RADIATE_BMP/RADIATE_450_COLOR_BMP/BF/BF11/BF11_NC.jpg,/RADIATE_BMP/RADIATE_450_COLOR_BMP/BF/BF10/BF10_AC.jpg; /RADIATE_BMP/RADIATE_450_COLOR_BMP/BF/BF13/BF13_AC.jpg; /RADIATE_BMP/RADIATE_450_COLOR_BMP/BF/BF12/BF12_AC.jpg; /RADIATE_BMP/RADIATE_450_COLOR_BMP/BF/BF15/BF15_AC.jpg,exp,q,i,BF
91,/RADIATE_BMP/RADIATE_450_COLOR_BMP/WF/WF06/WF06_AC.jpg,/RADIATE_BMP/RADIATE_450_COLOR_BMP/WF/WF05/WF05_AC.jpg; /RADIATE_BMP/RADIATE_450_COLOR_BMP/WF/WF03/WF03_AC.jpg; /RADIATE_BMP/RADIATE_450_COLOR_BMP/WF/WF02/WF02_AC.jpg; /RADIATE_BMP/RADIATE_450_COLOR_BMP/WF/WF15/WF15_AC.jpg,exp,p,c,WF
92,/RADIATE_BMP/RADIATE_450_COLOR_BMP/WF/WF06/WF06_AC.jpg,/RADIATE_BMP/RADIATE_450_COLOR_BMP/WF/WF08/WF08_AC.jpg; /RADIATE_BMP/RADIATE_450_COLOR_BMP/WF/WF03/WF03_AC.jpg; /RADIATE_BMP/RADIATE_450_COLOR_BMP/WF/WF09/WF09_AC.jpg; /RADIATE_BMP/RADIATE_450_COLOR_BMP/WF/WF02/WF02_AC.jpg,exp,p,c,WF
93,/RADIATE_BMP/RADIATE_450_COLOR_BMP/BF/BF04/BF04_NC.jpg,/RADIATE_BMP/RADIATE_450_COLOR_BMP/BF/BF05/BF05_AC.jpg; /RADIATE_BMP/RADIATE_450_COLOR_BMP/BF/BF07/BF07_AC.jpg; /RADIATE_BMP/RADIATE_450_COLOR_BMP/BF/BF08/BF08_AC.jpg; /RADIATE_BMP/RADIATE_450_COLOR_BMP/BF/BF02/BF02_AC.jpg,exp,q,i,BF
94,/RADIATE_BMP/RADIATE_450_COLOR_BMP/BF/BF09/BF09_AC.jpg,/RADIATE_BMP/RADIATE_450_COLOR_BMP/BF/BF13/BF13_NC.jpg; /RADIATE_BMP/RADIATE_450_COLOR_BMP/BF/BF08/BF08_NC.jpg; /RADIATE_BMP/RADIATE_450_COLOR_BMP/BF/BF14/BF14_NC.jpg; /RADIATE_BMP/RADIATE_450_COLOR_BMP/BF/BF04/BF04_NC.jpg,exp,p,i,BF
95,/RADIATE_BMP/RADIATE_450_COLOR_BMP/WF/WF04/WF04_NC.jpg,/RADIATE_BMP/RADIATE_450_COLOR_BMP/WF/WF13/WF13_NC.jpg; /RADIATE_BMP/RADIATE_450_COLOR_BMP/WF/WF06/WF06_NC.jpg; /RADIATE_BMP/RADIATE_450_COLOR_BMP/WF/WF07/WF07_NC.jpg; /RADIATE_BMP/RADIATE_450_COLOR_BMP/WF/WF12/WF12_NC.jpg,exp,q,c,WF
96,/RADIATE_BMP/RADIATE_450_COLOR_BMP/BF/BF07/BF07_AC.jpg,/RADIATE_BMP/RADIATE_450_COLOR_BMP/BF/BF15/BF15_NC.jpg; /RADIATE_BMP/RADIATE_450_COLOR_BMP/BF/BF02/BF02_NC.jpg; /RADIATE_BMP/RADIATE_450_COLOR_BMP/BF/BF09/BF09_NC.jpg; /RADIATE_BMP/RADIATE_450_COLOR_BMP/BF/BF06/BF06_NC.jpg,exp,p,i,BF
97,/RADIATE_BMP/RADIATE_450_COLOR_BMP/BF/BF09/BF09_AC.jpg,/RADIATE_BMP/RADIATE_450_COLOR_BMP/BF/BF12/BF12_AC.jpg; /RADIATE_BMP/RADIATE_450_COLOR_BMP/BF/BF10/BF10_AC.jpg; /RADIATE_BMP/RADIATE_450_COLOR_BMP/BF/BF15/BF15_AC.jpg; /RADIATE_BMP/RADIATE_450_COLOR_BMP/BF/BF13/BF13_AC.jpg,exp,p,c,BF
98,/RADIATE_BMP/RADIATE_450_COLOR_BMP/BF/BF06/BF06_AC.jpg,/RADIATE_BMP/RADIATE_450_COLOR_BMP/BF/BF12/BF12_AC.jpg; /RADIATE_BMP/RADIATE_450_COLOR_BMP/BF/BF02/BF02_AC.jpg; /RADIATE_BMP/RADIATE_450_COLOR_BMP/BF/BF11/BF11_AC.jpg; /RADIATE_BMP/RADIATE_450_COLOR_BMP/BF/BF07/BF07_AC.jpg,exp,p,c,BF
99,/RADIATE_BMP/RADIATE_450_COLOR_BMP/BF/BF02/BF02_NC.jpg,/RADIATE_BMP/RADIATE_450_COLOR_BMP/BF/BF14/BF14_NC.jpg; /RADIATE_BMP/RADIATE_450_COLOR_BMP/BF/BF03/BF03_NC.jpg; /RADIATE_BMP/RADIATE_450_COLOR_BMP/BF/BF11/BF11_NC.jpg; /RADIATE_BMP/RADIATE_450_COLOR_BMP/BF/BF09/BF09_NC.jpg,exp,q,c,BF
100,/RADIATE_BMP/RADIATE_450_COLOR_BMP/WF/WF06/WF06_AC.jpg,/RADIATE_BMP/RADIATE_450_COLOR_BMP/WF/WF05/WF05_NC.jpg; /RADIATE_BMP/RADIATE_450_COLOR_BMP/WF/WF15/WF15_NC.jpg; /RADIATE_BMP/RADIATE_450_COLOR_BMP/WF/WF12/WF12_NC.jpg; /RADIATE_BMP/RADIATE_450_COLOR_BMP/WF/WF02/WF02_NC.jpg,exp,p,i,WF
101,/RADIATE_BMP/RADIATE_450_COLOR_BMP/WF/WF07/WF07_AC.jpg,/RADIATE_BMP/RADIATE_450_COLOR_BMP/WF/WF02/WF02_AC.jpg; /RADIATE_BMP/RADIATE_450_COLOR_BMP/WF/WF12/WF12_AC.jpg; /RADIATE_BMP/RADIATE_450_COLOR_BMP/WF/WF03/WF03_AC.jpg; /RADIATE_BMP/RADIATE_450_COLOR_BMP/WF/WF04/WF04_AC.jpg,exp,p,c,WF
102,/RADIATE_BMP/RADIATE_450_COLOR_BMP/WF/WF11/WF11_AC.jpg,/RADIATE_BMP/RADIATE_450_COLOR_BMP/WF/WF09/WF09_NC.jpg; /RADIATE_BMP/RADIATE_450_COLOR_BMP/WF/WF12/WF12_NC.jpg; /RADIATE_BMP/RADIATE_450_COLOR_BMP/WF/WF02/WF02_NC.jpg; /RADIATE_BMP/RADIATE_450_COLOR_BMP/WF/WF08/WF08_NC.jpg,exp,p,i,WF
103,/RADIATE_BMP/RADIATE_450_COLOR_BMP/WF/WF06/WF06_NC.jpg,/RADIATE_BMP/RADIATE_450_COLOR_BMP/WF/WF09/WF09_AC.jpg; /RADIATE_BMP/RADIATE_450_COLOR_BMP/WF/WF13/WF13_AC.jpg; /RADIATE_BMP/RADIATE_450_COLOR_BMP/WF/WF11/WF11_AC.jpg; /RADIATE_BMP/RADIATE_450_COLOR_BMP/WF/WF10/WF10_AC.jpg,exp,q,i,WF
104,/RADIATE_BMP/RADIATE_450_COLOR_BMP/BF/BF04/BF04_AC.jpg,/RADIATE_BMP/RADIATE_450_COLOR_BMP/BF/BF02/BF02_AC.jpg; /RADIATE_BMP/RADIATE_450_COLOR_BMP/BF/BF06/BF06_AC.jpg; /RADIATE_BMP/RADIATE_450_COLOR_BMP/BF/BF12/BF12_AC.jpg; /RADIATE_BMP/RADIATE_450_COLOR_BMP/BF/BF10/BF10_AC.jpg,exp,p,c,BF
105,/RADIATE_BMP/RADIATE_450_COLOR_BMP/BF/BF13/BF13_AC.jpg,/RADIATE_BMP/RADIATE_450_COLOR_BMP/BF/BF02/BF02_NC.jpg; /RADIATE_BMP/RADIATE_450_COLOR_BMP/BF/BF12/BF12_NC.jpg; /RADIATE_BMP/RADIATE_450_COLOR_BMP/BF/BF15/BF15_NC.jpg; /RADIATE_BMP/RADIATE_450_COLOR_BMP/BF/BF09/BF09_NC.jpg,exp,p,i,BF
106,/RADIATE_BMP/RADIATE_450_COLOR_BMP/BF/BF05/BF05_AC.jpg,/RADIATE_BMP/RADIATE_450_COLOR_BMP/BF/BF09/BF09_NC.jpg; /RADIATE_BMP/RADIATE_450_COLOR_BMP/BF/BF10/BF10_NC.jpg; /RADIATE_BMP/RADIATE_450_COLOR_BMP/BF/BF13/BF13_NC.jpg; /RADIATE_BMP/RADIATE_450_COLOR_BMP/BF/BF02/BF02_NC.jpg,exp,p,i,BF
107,/RADIATE_BMP/RADIATE_450_COLOR_BMP/BF/BF09/BF09_NC.jpg,/RADIATE_BMP/RADIATE_450_COLOR_BMP/BF/BF06/BF06_NC.jpg; /RADIATE_BMP/RADIATE_450_COLOR_BMP/BF/BF07/BF07_NC.jpg; /RADIATE_BMP/RADIATE_450_COLOR_BMP/BF/BF03/BF03_NC.jpg; /RADIATE_BMP/RADIATE_450_COLOR_BMP/BF/BF05/BF05_NC.jpg,exp,q,c,BF
108,/RADIATE_BMP/RADIATE_450_COLOR_BMP/BF/BF02/BF02_NC.jpg,/RADIATE_BMP/RADIATE_450_COLOR_BMP/BF/BF13/BF13_AC.jpg; /RADIATE_BMP/RADIATE_450_COLOR_BMP/BF/BF07/BF07_AC.jpg; /RADIATE_BMP/RADIATE_450_COLOR_BMP/BF/BF15/BF15_AC.jpg; /RADIATE_BMP/RADIATE_450_COLOR_BMP/BF/BF10/BF10_AC.jpg,exp,q,i,BF
109,/RADIATE_BMP/RADIATE_450_COLOR_BMP/WF/WF09/WF09_NC.jpg,/RADIATE_BMP/RADIATE_450_COLOR_BMP/WF/WF05/WF05_NC.jpg; /RADIATE_BMP/RADIATE_450_COLOR_BMP/WF/WF13/WF13_NC.jpg; /RADIATE_BMP/RADIATE_450_COLOR_BMP/WF/WF11/WF11_NC.jpg; /RADIATE_BMP/RADIATE_450_COLOR_BMP/WF/WF07/WF07_NC.jpg,exp,q,c,WF
110,/RADIATE_BMP/RADIATE_450_COLOR_BMP/WF/WF15/WF15_AC.jpg,/RADIATE_BMP/RADIATE_450_COLOR_BMP/WF/WF06/WF06_NC.jpg; /RADIATE_BMP/RADIATE_450_COLOR_BMP/WF/WF09/WF09_NC.jpg; /RADIATE_BMP/RADIATE_450_COLOR_BMP/WF/WF10/WF10_NC.jpg; /RADIATE_BMP/RADIATE_450_COLOR_BMP/WF/WF11/WF11_NC.jpg,exp,p,i,WF
111,/RADIATE_BMP/RADIATE_450_COLOR_BMP/BF/BF13/BF13_NC.jpg,/RADIATE_BMP/RADIATE_450_COLOR_BMP/BF/BF02/BF02_NC.jpg; /RADIATE_BMP/RADIATE_450_COLOR_BMP/BF/BF12/BF12_NC.jpg; /RADIATE_BMP/RADIATE_450_COLOR_BMP/BF/BF03/BF03_NC.jpg; /RADIATE_BMP/RADIATE_450_COLOR_BMP/BF/BF11/BF11_NC.jpg,exp,q,c,BF
112,/RADIATE_BMP/RADIATE_450_COLOR_BMP/WF/WF05/WF05_AC.jpg,/RADIATE_BMP/RADIATE_450_COLOR_BMP/WF/WF02/WF02_NC.jpg; /RADIATE_BMP/RADIATE_450_COLOR_BMP/WF/WF13/WF13_NC.jpg; /RADIATE_BMP/RADIATE_450_COLOR_BMP/WF/WF09/WF09_NC.jpg; /RADIATE_BMP/RADIATE_450_COLOR_BMP/WF/WF06/WF06_NC.jpg,exp,p,i,WF
113,/RADIATE_BMP/RADIATE_450_COLOR_BMP/BF/BF02/BF02_NC.jpg,/RADIATE_BMP/RADIATE_450_COLOR_BMP/BF/BF13/BF13_NC.jpg; /RADIATE_BMP/RADIATE_450_COLOR_BMP/BF/BF09/BF09_NC.jpg; /RADIATE_BMP/RADIATE_450_COLOR_BMP/BF/BF03/BF03_NC.jpg; /RADIATE_BMP/RADIATE_450_COLOR_BMP/BF/BF14/BF14_NC.jpg,exp,q,c,BF
114,/RADIATE_BMP/RADIATE_450_COLOR_BMP/WF/WF15/WF15_NC.jpg,/RADIATE_BMP/RADIATE_450_COLOR_BMP/WF/WF12/WF12_AC.jpg; /RADIATE_BMP/RADIATE_450_COLOR_BMP/WF/WF04/WF04_AC.jpg; /RADIATE_BMP/RADIATE_450_COLOR_BMP/WF/WF08/WF08_AC.jpg; /RADIATE_BMP/RADIATE_450_COLOR_BMP/WF/WF06/WF06_AC.jpg,exp,q,i,WF
115,/RADIATE_BMP/RADIATE_450_COLOR_BMP/BF/BF08/BF08_NC.jpg,/RADIATE_BMP/RADIATE_450_COLOR_BMP/BF/BF15/BF15_NC.jpg; /RADIATE_BMP/RADIATE_450_COLOR_BMP/BF/BF11/BF11_NC.jpg; /RADIATE_BMP/RADIATE_450_COLOR_BMP/BF/BF03/BF03_NC.jpg; /RADIATE_BMP/RADIATE_450_COLOR_BMP/BF/BF10/BF10_NC.jpg,exp,q,c,BF
116,/RADIATE_BMP/RADIATE_450_COLOR_BMP/WF/WF14/WF14_AC.jpg,/RADIATE_BMP/RADIATE_450_COLOR_BMP/WF/WF12/WF12_AC.jpg; /RADIATE_BMP/RADIATE_450_COLOR_BMP/WF/WF06/WF06_AC.jpg; /RADIATE_BMP/RADIATE_450_COLOR_BMP/WF/WF10/WF10_AC.jpg; /RADIATE_BMP/RADIATE_450_COLOR_BMP/WF/WF03/WF03_AC.jpg,exp,p,c,WF
117,/RADIATE_BMP/RADIATE_450_COLOR_BMP/BF/BF11/BF11_AC.jpg,/RADIATE_BMP/RADIATE_450_COLOR_BMP/BF/BF08/BF08_AC.jpg; /RADIATE_BMP/RADIATE_450_COLOR_BMP/BF/BF12/BF12_AC.jpg; /RADIATE_BMP/RADIATE_450_COLOR_BMP/BF/BF09/BF09_AC.jpg; /RADIATE_BMP/RADIATE_450_COLOR_BMP/BF/BF10/BF10_AC.jpg,exp,p,c,BF
118,/RADIATE_BMP/RADIATE_450_COLOR_BMP/BF/BF03/BF03_NC.jpg,/RADIATE_BMP/RADIATE_450_COLOR_BMP/BF/BF09/BF09_AC.jpg; /RADIATE_BMP/RADIATE_450_COLOR_BMP/BF/BF05/BF05_AC.jpg; /RADIATE_BMP/RADIATE_450_COLOR_BMP/BF/BF11/BF11_AC.jpg; /RADIATE_BMP/RADIATE_450_COLOR_BMP/BF/BF02/BF02_AC.jpg,exp,q,i,BF
119,/RADIATE_BMP/RADIATE_450_COLOR_BMP/WF/WF07/WF07_NC.jpg,/RADIATE_BMP/RADIATE_450_COLOR_BMP/WF/WF02/WF02_AC.jpg; /RADIATE_BMP/RADIATE_450_COLOR_BMP/WF/WF15/WF15_AC.jpg; /RADIATE_BMP/RADIATE_450_COLOR_BMP/WF/WF08/WF08_AC.jpg; /RADIATE_BMP/RADIATE_450_COLOR_BMP/WF/WF03/WF03_AC.jpg,exp,q,i,WF
120,/RADIATE_BMP/RADIATE_450_COLOR_BMP/WF/WF04/WF04_AC.jpg,/RADIATE_BMP/RADIATE_450_COLOR_BMP/WF/WF14/WF14_AC.jpg; /RADIATE_BMP/RADIATE_450_COLOR_BMP/WF/WF10/WF10_AC.jpg; /RADIATE_BMP/RADIATE_450_COLOR_BMP/WF/WF11/WF11_AC.jpg; /RADIATE_BMP/RADIATE_450_COLOR_BMP/WF/WF13/WF13_AC.jpg,exp,p,c,WF
121,/RADIATE_BMP/RADIATE_450_COLOR_BMP/BF/BF13/BF13_AC.jpg,/RADIATE_BMP/RADIATE_450_COLOR_BMP/BF/BF07/BF07_AC.jpg; /RADIATE_BMP/RADIATE_450_COLOR_BMP/BF/BF06/BF06_AC.jpg; /RADIATE_BMP/RADIATE_450_COLOR_BMP/BF/BF09/BF09_AC.jpg; /RADIATE_BMP/RADIATE_450_COLOR_BMP/BF/BF14/BF14_AC.jpg,exp,p,c,BF
122,/RADIATE_BMP/RADIATE_450_COLOR_BMP/WF/WF07/WF07_AC.jpg,/RADIATE_BMP/RADIATE_450_COLOR_BMP/WF/WF03/WF03_NC.jpg; /RADIATE_BMP/RADIATE_450_COLOR_BMP/WF/WF13/WF13_NC.jpg; /RADIATE_BMP/RADIATE_450_COLOR_BMP/WF/WF04/WF04_NC.jpg; /RADIATE_BMP/RADIATE_450_COLOR_BMP/WF/WF09/WF09_NC.jpg,exp,p,i,WF
123,/RADIATE_BMP/RADIATE_450_COLOR_BMP/BF/BF11/BF11_NC.jpg,/RADIATE_BMP/RADIATE_450_COLOR_BMP/BF/BF07/BF07_NC.jpg; /RADIATE_BMP/RADIATE_450_COLOR_BMP/BF/BF06/BF06_NC.jpg; /RADIATE_BMP/RADIATE_450_COLOR_BMP/BF/BF14/BF14_NC.jpg; /RADIATE_BMP/RADIATE_450_COLOR_BMP/BF/BF12/BF12_NC.jpg,exp,q,c,BF
124,/RADIATE_BMP/RADIATE_450_COLOR_BMP/BF/BF05/BF05_AC.jpg,/RADIATE_BMP/RADIATE_450_COLOR_BMP/BF/BF07/BF07_NC.jpg; /RADIATE_BMP/RADIATE_450_COLOR_BMP/BF/BF15/BF15_NC.jpg; /RADIATE_BMP/RADIATE_450_COLOR_BMP/BF/BF10/BF10_NC.jpg; /RADIATE_BMP/RADIATE_450_COLOR_BMP/BF/BF11/BF11_NC.jpg,exp,p,i,BF
125,/RADIATE_BMP/RADIATE_450_COLOR_BMP/WF/WF02/WF02_AC.jpg,/RADIATE_BMP/RADIATE_450_COLOR_BMP/WF/WF07/WF07_NC.jpg; /RADIATE_BMP/RADIATE_450_COLOR_BMP/WF/WF06/WF06_NC.jpg; /RADIATE_BMP/RADIATE_450_COLOR_BMP/WF/WF08/WF08_NC.jpg; /RADIATE_BMP/RADIATE_450_COLOR_BMP/WF/WF11/WF11_NC.jpg,exp,p,i,WF
126,/RADIATE_BMP/RADIATE_450_COLOR_BMP/WF/WF09/WF09_AC.jpg,/RADIATE_BMP/RADIATE_450_COLOR_BMP/WF/WF04/WF04_AC.jpg; /RADIATE_BMP/RADIATE_450_COLOR_BMP/WF/WF11/WF11_AC.jpg; /RADIATE_BMP/RADIATE_450_COLOR_BMP/WF/WF13/WF13_AC.jpg; /RADIATE_BMP/RADIATE_450_COLOR_BMP/WF/WF07/WF07_AC.jpg,exp,p,c,WF
127,/RADIATE_BMP/RADIATE_450_COLOR_BMP/WF/WF14/WF14_NC.jpg,/RADIATE_BMP/RADIATE_450_COLOR_BMP/WF/WF13/WF13_NC.jpg; /RADIATE_BMP/RADIATE_450_COLOR_BMP/WF/WF12/WF12_NC.jpg; /RADIATE_BMP/RADIATE_450_COLOR_BMP/WF/WF04/WF04_NC.jpg; /RADIATE_BMP/RADIATE_450_COLOR_BMP/WF/WF15/WF15_NC.jpg,exp,q,c,WF
128,/RADIATE_BMP/RADIATE_450_COLOR_BMP/WF/WF14/WF14_NC.jpg,/RADIATE_BMP/RADIATE_450_COLOR_BMP/WF/WF15/WF15_NC.jpg; /RADIATE_BMP/RADIATE_450_COLOR_BMP/WF/WF03/WF03_NC.jpg; /RADIATE_BMP/RADIATE_450_COLOR_BMP/WF/WF10/WF10_NC.jpg; /RADIATE_BMP/RADIATE_450_COLOR_BMP/WF/WF08/WF08_NC.jpg,exp,q,c,WF
129,/RADIATE_BMP/RADIATE_450_COLOR_BMP/BF/BF10/BF10_AC.jpg,/RADIATE_BMP/RADIATE_450_COLOR_BMP/BF/BF07/BF07_NC.jpg; /RADIATE_BMP/RADIATE_450_COLOR_BMP/BF/BF06/BF06_NC.jpg; /RADIATE_BMP/RADIATE_450_COLOR_BMP/BF/BF13/BF13_NC.jpg; /RADIATE_BMP/RADIATE_450_COLOR_BMP/BF/BF03/BF03_NC.jpg,exp,p,i,BF
130,/RADIATE_BMP/RADIATE_450_COLOR_BMP/BF/BF05/BF05_NC.jpg,/RADIATE_BMP/RADIATE_450_COLOR_BMP/BF/BF09/BF09_NC.jpg; /RADIATE_BMP/RADIATE_450_COLOR_BMP/BF/BF10/BF10_NC.jpg; /RADIATE_BMP/RADIATE_450_COLOR_BMP/BF/BF02/BF02_NC.jpg; /RADIATE_BMP/RADIATE_450_COLOR_BMP/BF/BF14/BF14_NC.jpg,exp,q,c,BF
131,/RADIATE_BMP/RADIATE_450_COLOR_BMP/WF/WF15/WF15_NC.jpg,/RADIATE_BMP/RADIATE_450_COLOR_BMP/WF/WF14/WF14_AC.jpg; /RADIATE_BMP/RADIATE_450_COLOR_BMP/WF/WF08/WF08_AC.jpg; /RADIATE_BMP/RADIATE_450_COLOR_BMP/WF/WF11/WF11_AC.jpg; /RADIATE_BMP/RADIATE_450_COLOR_BMP/WF/WF04/WF04_AC.jpg,exp,q,i,WF
132,/RADIATE_BMP/RADIATE_450_COLOR_BMP/WF/WF15/WF15_AC.jpg,/RADIATE_BMP/RADIATE_450_COLOR_BMP/WF/WF02/WF02_NC.jpg; /RADIATE_BMP/RADIATE_450_COLOR_BMP/WF/WF03/WF03_NC.jpg; /RADIATE_BMP/RADIATE_450_COLOR_BMP/WF/WF06/WF06_NC.jpg; /RADIATE_BMP/RADIATE_450_COLOR_BMP/WF/WF11/WF11_NC.jpg,exp,p,i,WF
133,/RADIATE_BMP/RADIATE_450_COLOR_BMP/BF/BF10/BF10_NC.jpg,/RADIATE_BMP/RADIATE_450_COLOR_BMP/BF/BF05/BF05_NC.jpg; /RADIATE_BMP/RADIATE_450_COLOR_BMP/BF/BF02/BF02_NC.jpg; /RADIATE_BMP/RADIATE_450_COLOR_BMP/BF/BF08/BF08_NC.jpg; /RADIATE_BMP/RADIATE_450_COLOR_BMP/BF/BF14/BF14_NC.jpg,exp,q,c,BF
134,/RADIATE_BMP/RADIATE_450_COLOR_BMP/WF/WF15/WF15_NC.jpg,/RADIATE_BMP/RADIATE_450_COLOR_BMP/WF/WF11/WF11_NC.jpg; /RADIATE_BMP/RADIATE_450_COLOR_BMP/WF/WF12/WF12_NC.jpg; /RADIATE_BMP/RADIATE_450_COLOR_BMP/WF/WF06/WF06_NC.jpg; /RADIATE_BMP/RADIATE_450_COLOR_BMP/WF/WF04/WF04_NC.jpg,exp,q,c,WF
135,/RADIATE_BMP/RADIATE_450_COLOR_BMP/BF/BF11/BF11_AC.jpg,/RADIATE_BMP/RADIATE_450_COLOR_BMP/BF/BF04/BF04_NC.jpg; /RADIATE_BMP/RADIATE_450_COLOR_BMP/BF/BF03/BF03_NC.jpg; /RADIATE_BMP/RADIATE_450_COLOR_BMP/BF/BF13/BF13_NC.jpg; /RADIATE_BMP/RADIATE_450_COLOR_BMP/BF/BF05/BF05_NC.jpg,exp,p,i,BF
136,/RADIATE_BMP/RADIATE_450_COLOR_BMP/WF/WF09/WF09_AC.jpg,/RADIATE_BMP/RADIATE_450_COLOR_BMP/WF/WF12/WF12_AC.jpg; /RADIATE_BMP/RADIATE_450_COLOR_BMP/WF/WF08/WF08_AC.jpg; /RADIATE_BMP/RADIATE_450_COLOR_BMP/WF/WF14/WF14_AC.jpg; /RADIATE_BMP/RADIATE_450_COLOR_BMP/WF/WF06/WF06_AC.jpg,exp,p,c,WF
137,/RADIATE_BMP/RADIATE_450_COLOR_BMP/BF/BF06/BF06_AC.jpg,/RADIATE_BMP/RADIATE_450_COLOR_BMP/BF/BF13/BF13_AC.jpg; /RADIATE_BMP/RADIATE_450_COLOR_BMP/BF/BF08/BF08_AC.jpg; /RADIATE_BMP/RADIATE_450_COLOR_BMP/BF/BF15/BF15_AC.jpg; /RADIATE_BMP/RADIATE_450_COLOR_BMP/BF/BF03/BF03_AC.jpg,exp,p,c,BF
138,/RADIATE_BMP/RADIATE_450_COLOR_BMP/BF/BF07/BF07_NC.jpg,/RADIATE_BMP/RADIATE_450_COLOR_BMP/BF/BF15/BF15_NC.jpg; /RADIATE_BMP/RADIATE_450_COLOR_BMP/BF/BF09/BF09_NC.jpg; /RADIATE_BMP/RADIATE_450_COLOR_BMP/BF/BF03/BF03_NC.jpg; /RADIATE_BMP/RADIATE_450_COLOR_BMP/BF/BF04/BF04_NC.jpg,exp,q,c,BF
139,/RADIATE_BMP/RADIATE_450_COLOR_BMP/WF/WF05/WF05_NC.jpg,/RADIATE_BMP/RADIATE_450_COLOR_BMP/WF/WF15/WF15_AC.jpg; /RADIATE_BMP/RADIATE_450_COLOR_BMP/WF/WF02/WF02_AC.jpg; /RADIATE_BMP/RADIATE_450_COLOR_BMP/WF/WF14/WF14_AC.jpg; /RADIATE_BMP/RADIATE_450_COLOR_BMP/WF/WF04/WF04_AC.jpg,exp,q,i,WF
140,/RADIATE_BMP/RADIATE_450_COLOR_BMP/WF/WF11/WF11_NC.jpg,/RADIATE_BMP/RADIATE_450_COLOR_BMP/WF/WF08/WF08_AC.jpg; /RADIATE_BMP/RADIATE_450_COLOR_BMP/WF/WF14/WF14_AC.jpg; /RADIATE_BMP/RADIATE_450_COLOR_BMP/WF/WF12/WF12_AC.jpg; /RADIATE_BMP/RADIATE_450_COLOR_BMP/WF/WF09/WF09_AC.jpg,exp,q,i,WF
141,/RADIATE_BMP/RADIATE_450_COLOR_BMP/BF/BF03/BF03_AC.jpg,/RADIATE_BMP/RADIATE_450_COLOR_BMP/BF/BF10/BF10_NC.jpg; /RADIATE_BMP/RADIATE_450_COLOR_BMP/BF/BF02/BF02_NC.jpg; /RADIATE_BMP/RADIATE_450_COLOR_BMP/BF/BF04/BF04_NC.jpg; /RADIATE_BMP/RADIATE_450_COLOR_BMP/BF/BF08/BF08_NC.jpg,exp,p,i,BF
142,/RADIATE_BMP/RADIATE_450_COLOR_BMP/BF/BF11/BF11_NC.jpg,/RADIATE_BMP/RADIATE_450_COLOR_BMP/BF/BF09/BF09_NC.jpg; /RADIATE_BMP/RADIATE_450_COLOR_BMP/BF/BF10/BF10_NC.jpg; /RADIATE_BMP/RADIATE_450_COLOR_BMP/BF/BF07/BF07_NC.jpg; /RADIATE_BMP/RADIATE_450_COLOR_BMP/BF/BF15/BF15_NC.jpg,exp,q,c,BF
143,/RADIATE_BMP/RADIATE_450_COLOR_BMP/WF/WF11/WF11_AC.jpg,/RADIATE_BMP/RADIATE_450_COLOR_BMP/WF/WF05/WF05_NC.jpg; /RADIATE_BMP/RADIATE_450_COLOR_BMP/WF/WF15/WF15_NC.jpg; /RADIATE_BMP/RADIATE_450_COLOR_BMP/WF/WF02/WF02_NC.jpg; /RADIATE_BMP/RADIATE_450_COLOR_BMP/WF/WF03/WF03_NC.jpg,exp,p,i,WF
144,/RADIATE_BMP/RADIATE_450_COLOR_BMP/BF/BF11/BF11_AC.jpg,/RADIATE_BMP/RADIATE_450_COLOR_BMP/BF/BF04/BF04_AC.jpg; /RADIATE_BMP/RADIATE_450_COLOR_BMP/BF/BF06/BF06_AC.jpg; /RADIATE_BMP/RADIATE_450_COLOR_BMP/BF/BF02/BF02_AC.jpg; /RADIATE_BMP/RADIATE_450_COLOR_BMP/BF/BF15/BF15_AC.jpg,exp,p,c,BF
145,/RADIATE_BMP/RADIATE_450_COLOR_BMP/BF/BF05/BF05_NC.jpg,/RADIATE_BMP/RADIATE_450_COLOR_BMP/BF/BF15/BF15_NC.jpg; /RADIATE_BMP/RADIATE_450_COLOR_BMP/BF/BF12/BF12_NC.jpg; /RADIATE_BMP/RADIATE_450_COLOR_BMP/BF/BF07/BF07_NC.jpg; /RADIATE_BMP/RADIATE_450_COLOR_BMP/BF/BF03/BF03_NC.jpg,exp,q,c,BF
146,/RADIATE_BMP/RADIATE_450_COLOR_BMP/BF/BF13/BF13_NC.jpg,/RADIATE_BMP/RADIATE_450_COLOR_BMP/BF/BF14/BF14_AC.jpg; /RADIATE_BMP/RADIATE_450_COLOR_BMP/BF/BF11/BF11_AC.jpg; /RADIATE_BMP/RADIATE_450_COLOR_BMP/BF/BF09/BF09_AC.jpg; /RADIATE_BMP/RADIATE_450_COLOR_BMP/BF/BF12/BF12_AC.jpg,exp,q,i,BF
147,/RADIATE_BMP/RADIATE_450_COLOR_BMP/WF/WF14/WF14_AC.jpg,/RADIATE_BMP/RADIATE_450_COLOR_BMP/WF/WF07/WF07_NC.jpg; /RADIATE_BMP/RADIATE_450_COLOR_BMP/WF/WF12/WF12_NC.jpg; /RADIATE_BMP/RADIATE_450_COLOR_BMP/WF/WF02/WF02_NC.jpg; /RADIATE_BMP/RADIATE_450_COLOR_BMP/WF/WF06/WF06_NC.jpg,exp,p,i,WF
148,/RADIATE_BMP/RADIATE_450_COLOR_BMP/WF/WF08/WF08_NC.jpg,/RADIATE_BMP/RADIATE_450_COLOR_BMP/WF/WF04/WF04_NC.jpg; /RADIATE_BMP/RADIATE_450_COLOR_BMP/WF/WF05/WF05_NC.jpg; /RADIATE_BMP/RADIATE_450_COLOR_BMP/WF/WF14/WF14_NC.jpg; /RADIATE_BMP/RADIATE_450_COLOR_BMP/WF/WF03/WF03_NC.jpg,exp,q,c,WF
149,/RADIATE_BMP/RADIATE_450_COLOR_BMP/WF/WF05/WF05_AC.jpg,/RADIATE_BMP/RADIATE_450_COLOR_BMP/WF/WF02/WF02_NC.jpg; /RADIATE_BMP/RADIATE_450_COLOR_BMP/WF/WF13/WF13_NC.jpg; /RADIATE_BMP/RADIATE_450_COLOR_BMP/WF/WF03/WF03_NC.jpg; /RADIATE_BMP/RADIATE_450_COLOR_BMP/WF/WF10/WF10_NC.jpg,exp,p,i,WF
150,/RADIATE_BMP/RADIATE_450_COLOR_BMP/WF/WF06/WF06_AC.jpg,/RADIATE_BMP/RADIATE_450_COLOR_BMP/WF/WF14/WF14_AC.jpg; /RADIATE_BMP/RADIATE_450_COLOR_BMP/WF/WF15/WF15_AC.jpg; /RADIATE_BMP/RADIATE_450_COLOR_BMP/WF/WF04/WF04_AC.jpg; /RADIATE_BMP/RADIATE_450_COLOR_BMP/WF/WF12/WF12_AC.jpg,exp,p,c,WF
151,/RADIATE_BMP/RADIATE_450_COLOR_BMP/WF/WF03/WF03_AC.jpg,/RADIATE_BMP/RADIATE_450_COLOR_BMP/WF/WF11/WF11_AC.jpg; /RADIATE_BMP/RADIATE_450_COLOR_BMP/WF/WF12/WF12_AC.jpg; /RADIATE_BMP/RADIATE_450_COLOR_BMP/WF/WF13/WF13_AC.jpg; /RADIATE_BMP/RADIATE_450_COLOR_BMP/WF/WF08/WF08_AC.jpg,exp,p,c,WF
152,/RADIATE_BMP/RADIATE_450_COLOR_BMP/WF/WF14/WF14_NC.jpg,/RADIATE_BMP/RADIATE_450_COLOR_BMP/WF/WF15/WF15_AC.jpg; /RADIATE_BMP/RADIATE_450_COLOR_BMP/WF/WF07/WF07_AC.jpg; /RADIATE_BMP/RADIATE_450_COLOR_BMP/WF/WF10/WF10_AC.jpg; /RADIATE_BMP/RADIATE_450_COLOR_BMP/WF/WF02/WF02_AC.jpg,exp,q,i,WF
153,/RADIATE_BMP/RADIATE_450_COLOR_BMP/WF/WF15/WF15_AC.jpg,/RADIATE_BMP/RADIATE_450_COLOR_BMP/WF/WF05/WF05_AC.jpg; /RADIATE_BMP/RADIATE_450_COLOR_BMP/WF/WF07/WF07_AC.jpg; /RADIATE_BMP/RADIATE_450_COLOR_BMP/WF/WF09/WF09_AC.jpg; /RADIATE_BMP/RADIATE_450_COLOR_BMP/WF/WF12/WF12_AC.jpg,exp,p,c,WF
154,/RADIATE_BMP/RADIATE_450_COLOR_BMP/WF/WF07/WF07_AC.jpg,/RADIATE_BMP/RADIATE_450_COLOR_BMP/WF/WF06/WF06_AC.jpg; /RADIATE_BMP/RADIATE_450_COLOR_BMP/WF/WF11/WF11_AC.jpg; /RADIATE_BMP/RADIATE_450_COLOR_BMP/WF/WF09/WF09_AC.jpg; /RADIATE_BMP/RADIATE_450_COLOR_BMP/WF/WF14/WF14_AC.jpg,exp,p,c,WF
155,/RADIATE_BMP/RADIATE_450_COLOR_BMP/WF/WF04/WF04_AC.jpg,/RADIATE_BMP/RADIATE_450_COLOR_BMP/WF/WF12/WF12_NC.jpg; /RADIATE_BMP/RADIATE_450_COLOR_BMP/WF/WF02/WF02_NC.jpg; /RADIATE_BMP/RADIATE_450_COLOR_BMP/WF/WF10/WF10_NC.jpg; /RADIATE_BMP/RADIATE_450_COLOR_BMP/WF/WF14/WF14_NC.jpg,exp,p,i,WF
156,/RADIATE_BMP/RADIATE_450_COLOR_BMP/BF/BF05/BF05_NC.jpg,/RADIATE_BMP/RADIATE_450_COLOR_BMP/BF/BF07/BF07_NC.jpg; /RADIATE_BMP/RADIATE_450_COLOR_BMP/BF/BF14/BF14_NC.jpg; /RADIATE_BMP/RADIATE_450_COLOR_BMP/BF/BF02/BF02_NC.jpg; /RADIATE_BMP/RADIATE_450_COLOR_BMP/BF/BF09/BF09_NC.jpg,exp,q,c,BF
157,/RADIATE_BMP/RADIATE_450_COLOR_BMP/BF/BF02/BF02_NC.jpg,/RADIATE_BMP/RADIATE_450_COLOR_BMP/BF/BF13/BF13_AC.jpg; /RADIATE_BMP/RADIATE_450_COLOR_BMP/BF/BF10/BF10_AC.jpg; /RADIATE_BMP/RADIATE_450_COLOR_BMP/BF/BF08/BF08_AC.jpg; /RADIATE_BMP/RADIATE_450_COLOR_BMP/BF/BF05/BF05_AC.jpg,exp,q,i,BF
158,/RADIATE_BMP/RADIATE_450_COLOR_BMP/BF/BF13/BF13_NC.jpg,/RADIATE_BMP/RADIATE_450_COLOR_BMP/BF/BF06/BF06_AC.jpg; /RADIATE_BMP/RADIATE_450_COLOR_BMP/BF/BF05/BF05_AC.jpg; /RADIATE_BMP/RADIATE_450_COLOR_BMP/BF/BF11/BF11_AC.jpg; /RADIATE_BMP/RADIATE_450_COLOR_BMP/BF/BF14/BF14_AC.jpg,exp,q,i,BF
159,/RADIATE_BMP/RADIATE_450_COLOR_BMP/WF/WF09/WF09_AC.jpg,/RADIATE_BMP/RADIATE_450_COLOR_BMP/WF/WF03/WF03_AC.jpg; /RADIATE_BMP/RADIATE_450_COLOR_BMP/WF/WF02/WF02_AC.jpg; /RADIATE_BMP/RADIATE_450_COLOR_BMP/WF/WF10/WF10_AC.jpg; /RADIATE_BMP/RADIATE_450_COLOR_BMP/WF/WF13/WF13_AC.jpg,exp,p,c,WF
160,/RADIATE_BMP/RADIATE_450_COLOR_BMP/WF/WF08/WF08_NC.jpg,/RADIATE_BMP/RADIATE_450_COLOR_BMP/WF/WF15/WF15_NC.jpg; /RADIATE_BMP/RADIATE_450_COLOR_BMP/WF/WF06/WF06_NC.jpg; /RADIATE_BMP/RADIATE_450_COLOR_BMP/WF/WF12/WF12_NC.jpg; /RADIATE_BMP/RADIATE_450_COLOR_BMP/WF/WF04/WF04_NC.jpg,exp,q,c,WF
161,/RADIATE_BMP/RADIATE_450_COLOR_BMP/WF/WF10/WF10_AC.jpg,/RADIATE_BMP/RADIATE_450_COLOR_BMP/WF/WF08/WF08_NC.jpg; /RADIATE_BMP/RADIATE_450_COLOR_BMP/WF/WF02/WF02_NC.jpg; /RADIATE_BMP/RADIATE_450_COLOR_BMP/WF/WF05/WF05_NC.jpg; /RADIATE_BMP/RADIATE_450_COLOR_BMP/WF/WF09/WF09_NC.jpg,exp,p,i,WF
162,/RADIATE_BMP/RADIATE_450_COLOR_BMP/WF/WF14/WF14_NC.jpg,/RADIATE_BMP/RADIATE_450_COLOR_BMP/WF/WF06/WF06_NC.jpg; /RADIATE_BMP/RADIATE_450_COLOR_BMP/WF/WF05/WF05_NC.jpg; /RADIATE_BMP/RADIATE_450_COLOR_BMP/WF/WF12/WF12_NC.jpg; /RADIATE_BMP/RADIATE_450_COLOR_BMP/WF/WF02/WF02_NC.jpg,exp,q,c,WF
163,/RADIATE_BMP/RADIATE_450_COLOR_BMP/WF/WF08/WF08_AC.jpg,/RADIATE_BMP/RADIATE_450_COLOR_BMP/WF/WF13/WF13_NC.jpg; /RADIATE_BMP/RADIATE_450_COLOR_BMP/WF/WF04/WF04_NC.jpg; /RADIATE_BMP/RADIATE_450_COLOR_BMP/WF/WF07/WF07_NC.jpg; /RADIATE_BMP/RADIATE_450_COLOR_BMP/WF/WF03/WF03_NC.jpg,exp,p,i,WF
164,/RADIATE_BMP/RADIATE_450_COLOR_BMP/WF/WF07/WF07_NC.jpg,/RADIATE_BMP/RADIATE_450_COLOR_BMP/WF/WF02/WF02_AC.jpg; /RADIATE_BMP/RADIATE_450_COLOR_BMP/WF/WF10/WF10_AC.jpg; /RADIATE_BMP/RADIATE_450_COLOR_BMP/WF/WF06/WF06_AC.jpg; /RADIATE_BMP/RADIATE_450_COLOR_BMP/WF/WF04/WF04_AC.jpg,exp,q,i,WF
165,/RADIATE_BMP/RADIATE_450_COLOR_BMP/BF/BF03/BF03_AC.jpg,/RADIATE_BMP/RADIATE_450_COLOR_BMP/BF/BF05/BF05_NC.jpg; /RADIATE_BMP/RADIATE_450_COLOR_BMP/BF/BF04/BF04_NC.jpg; /RADIATE_BMP/RADIATE_450_COLOR_BMP/BF/BF06/BF06_NC.jpg; /RADIATE_BMP/RADIATE_450_COLOR_BMP/BF/BF14/BF14_NC.jpg,exp,p,i,BF
166,/RADIATE_BMP/RADIATE_450_COLOR_BMP/WF/WF08/WF08_NC.jpg,/RADIATE_BMP/RADIATE_450_COLOR_BMP/WF/WF15/WF15_NC.jpg; /RADIATE_BMP/RADIATE_450_COLOR_BMP/WF/WF10/WF10_NC.jpg; /RADIATE_BMP/RADIATE_450_COLOR_BMP/WF/WF06/WF06_NC.jpg; /RADIATE_BMP/RADIATE_450_COLOR_BMP/WF/WF02/WF02_NC.jpg,exp,q,c,WF
167,/RADIATE_BMP/RADIATE_450_COLOR_BMP/BF/BF03/BF03_AC.jpg,/RADIATE_BMP/RADIATE_450_COLOR_BMP/BF/BF09/BF09_AC.jpg; /RADIATE_BMP/RADIATE_450_COLOR_BMP/BF/BF14/BF14_AC.jpg; /RADIATE_BMP/RADIATE_450_COLOR_BMP/BF/BF05/BF05_AC.jpg; /RADIATE_BMP/RADIATE_450_COLOR_BMP/BF/BF10/BF10_AC.jpg,exp,p,c,BF
168,/RADIATE_BMP/RADIATE_450_COLOR_BMP/BF/BF10/BF10_AC.jpg,/RADIATE_BMP/RADIATE_450_COLOR_BMP/BF/BF11/BF11_AC.jpg; /RADIATE_BMP/RADIATE_450_COLOR_BMP/BF/BF14/BF14_AC.jpg; /RADIATE_BMP/RADIATE_450_COLOR_BMP/BF/BF04/BF04_AC.jpg; /RADIATE_BMP/RADIATE_450_COLOR_BMP/BF/BF12/BF12_AC.jpg,exp,p,c,BF
169,/RADIATE_BMP/RADIATE_450_COLOR_BMP/BF/BF03/BF03_NC.jpg,/RADIATE_BMP/RADIATE_450_COLOR_BMP/BF/BF08/BF08_AC.jpg; /RADIATE_BMP/RADIATE_450_COLOR_BMP/BF/BF06/BF06_AC.jpg; /RADIATE_BMP/RADIATE_450_COLOR_BMP/BF/BF11/BF11_AC.jpg; /RADIATE_BMP/RADIATE_450_COLOR_BMP/BF/BF05/BF05_AC.jpg,exp,q,i,BF
170,/RADIATE_BMP/RADIATE_450_COLOR_BMP/BF/BF09/BF09_AC.jpg,/RADIATE_BMP/RADIATE_450_COLOR_BMP/BF/BF11/BF11_AC.jpg; /RADIATE_BMP/RADIATE_450_COLOR_BMP/BF/BF15/BF15_AC.jpg; /RADIATE_BMP/RADIATE_450_COLOR_BMP/BF/BF02/BF02_AC.jpg; /RADIATE_BMP/RADIATE_450_COLOR_BMP/BF/BF08/BF08_AC.jpg,exp,p,c,BF
171,/RADIATE_BMP/RADIATE_450_COLOR_BMP/WF/WF10/WF10_AC.jpg,/RADIATE_BMP/RADIATE_450_COLOR_BMP/WF/WF14/WF14_NC.jpg; /RADIATE_BMP/RADIATE_450_COLOR_BMP/WF/WF07/WF07_NC.jpg; /RADIATE_BMP/RADIATE_450_COLOR_BMP/WF/WF12/WF12_NC.jpg; /RADIATE_BMP/RADIATE_450_COLOR_BMP/WF/WF05/WF05_NC.jpg,exp,p,i,WF
172,/RADIATE_BMP/RADIATE_450_COLOR_BMP/BF/BF14/BF14_NC.jpg,/RADIATE_BMP/RADIATE_450_COLOR_BMP/BF/BF10/BF10_AC.jpg; /RADIATE_BMP/RADIATE_450_COLOR_BMP/BF/BF09/BF09_AC.jpg; /RADIATE_BMP/RADIATE_450_COLOR_BMP/BF/BF08/BF08_AC.jpg; /RADIATE_BMP/RADIATE_450_COLOR_BMP/BF/BF11/BF11_AC.jpg,exp,q,i,BF
173,/RADIATE_BMP/RADIATE_450_COLOR_BMP/WF/WF06/WF06_NC.jpg,/RADIATE_BMP/RADIATE_450_COLOR_BMP/WF/WF03/WF03_NC.jpg; /RADIATE_BMP/RADIATE_450_COLOR_BMP/WF/WF10/WF10_NC.jpg; /RADIATE_BMP/RADIATE_450_COLOR_BMP/WF/WF04/WF04_NC.jpg; /RADIATE_BMP/RADIATE_450_COLOR_BMP/WF/WF02/WF02_NC.jpg,exp,q,c,WF
174,/RADIATE_BMP/RADIATE_450_COLOR_BMP/BF/BF13/BF13_AC.jpg,/RADIATE_BMP/RADIATE_450_COLOR_BMP/BF/BF14/BF14_NC.jpg; /RADIATE_BMP/RADIATE_450_COLOR_BMP/BF/BF11/BF11_NC.jpg; /RADIATE_BMP/RADIATE_450_COLOR_BMP/BF/BF12/BF12_NC.jpg; /RADIATE_BMP/RADIATE_450_COLOR_BMP/BF/BF05/BF05_NC.jpg,exp,p,i,BF
175,/RADIATE_BMP/RADIATE_450_COLOR_BMP/BF/BF05/BF05_AC.jpg,/RADIATE_BMP/RADIATE_450_COLOR_BMP/BF/BF07/BF07_AC.jpg; /RADIATE_BMP/RADIATE_450_COLOR_BMP/BF/BF12/BF12_AC.jpg; /RADIATE_BMP/RADIATE_450_COLOR_BMP/BF/BF08/BF08_AC.jpg; /RADIATE_BMP/RADIATE_450_COLOR_BMP/BF/BF06/BF06_AC.jpg,exp,p,c,BF
176,/RADIATE_BMP/RADIATE_450_COLOR_BMP/BF/BF15/BF15_AC.jpg,/RADIATE_BMP/RADIATE_450_COLOR_BMP/BF/BF07/BF07_NC.jpg; /RADIATE_BMP/RADIATE_450_COLOR_BMP/BF/BF14/BF14_NC.jpg; /RADIATE_BMP/RADIATE_450_COLOR_BMP/BF/BF11/BF11_NC.jpg; /RADIATE_BMP/RADIATE_450_COLOR_BMP/BF/BF02/BF02_NC.jpg,exp,p,i,BF
177,/RADIATE_BMP/RADIATE_450_COLOR_BMP/BF/BF12/BF12_NC.jpg,/RADIATE_BMP/RADIATE_450_COLOR_BMP/BF/BF08/BF08_AC.jpg; /RADIATE_BMP/RADIATE_450_COLOR_BMP/BF/BF14/BF14_AC.jpg; /RADIATE_BMP/RADIATE_450_COLOR_BMP/BF/BF04/BF04_AC.jpg; /RADIATE_BMP/RADIATE_450_COLOR_BMP/BF/BF02/BF02_AC.jpg,exp,q,i,BF
178,/RADIATE_BMP/RADIATE_450_COLOR_BMP/WF/WF14/WF14_AC.jpg,/RADIATE_BMP/RADIATE_450_COLOR_BMP/WF/WF04/WF04_AC.jpg; /RADIATE_BMP/RADIATE_450_COLOR_BMP/WF/WF08/WF08_AC.jpg; /RADIATE_BMP/RADIATE_450_COLOR_BMP/WF/WF10/WF10_AC.jpg; /RADIATE_BMP/RADIATE_450_COLOR_BMP/WF/WF11/WF11_AC.jpg,exp,p,c,WF
179,/RADIATE_BMP/RADIATE_450_COLOR_BMP/WF/WF04/WF04_AC.jpg,/RADIATE_BMP/RADIATE_450_COLOR_BMP/WF/WF14/WF14_AC.jpg; /RADIATE_BMP/RADIATE_450_COLOR_BMP/WF/WF08/WF08_AC.jpg; /RADIATE_BMP/RADIATE_450_COLOR_BMP/WF/WF07/WF07_AC.jpg; /RADIATE_BMP/RADIATE_450_COLOR_BMP/WF/WF03/WF03_AC.jpg,exp,p,c,WF
180,/RADIATE_BMP/RADIATE_450_COLOR_BMP/WF/WF05/WF05_NC.jpg,/RADIATE_BMP/RADIATE_450_COLOR_BMP/WF/WF09/WF09_AC.jpg; /RADIATE_BMP/RADIATE_450_COLOR_BMP/WF/WF08/WF08_AC.jpg; /RADIATE_BMP/RADIATE_450_COLOR_BMP/WF/WF12/WF12_AC.jpg; /RADIATE_BMP/RADIATE_450_COLOR_BMP/WF/WF06/WF06_AC.jpg,exp,q,i,WF
181,/RADIATE_BMP/RADIATE_450_COLOR_BMP/WF/WF11/WF11_NC.jpg,/RADIATE_BMP/RADIATE_450_COLOR_BMP/WF/WF15/WF15_AC.jpg; /RADIATE_BMP/RADIATE_450_COLOR_BMP/WF/WF08/WF08_AC.jpg; /RADIATE_BMP/RADIATE_450_COLOR_BMP/WF/WF06/WF06_AC.jpg; /RADIATE_BMP/RADIATE_450_COLOR_BMP/WF/WF05/WF05_AC.jpg,exp,q,i,WF
182,/RADIATE_BMP/RADIATE_450_COLOR_BMP/BF/BF10/BF10_NC.jpg,/RADIATE_BMP/RADIATE_450_COLOR_BMP/BF/BF08/BF08_AC.jpg; /RADIATE_BMP/RADIATE_450_COLOR_BMP/BF/BF04/BF04_AC.jpg; /RADIATE_BMP/RADIATE_450_COLOR_BMP/BF/BF11/BF11_AC.jpg; /RADIATE_BMP/RADIATE_450_COLOR_BMP/BF/BF09/BF09_AC.jpg,exp,q,i,BF
183,/RADIATE_BMP/RADIATE_450_COLOR_BMP/BF/BF12/BF12_AC.jpg,/RADIATE_BMP/RADIATE_450_COLOR_BMP/BF/BF04/BF04_AC.jpg; /RADIATE_BMP/RADIATE_450_COLOR_BMP/BF/BF02/BF02_AC.jpg; /RADIATE_BMP/RADIATE_450_COLOR_BMP/BF/BF13/BF13_AC.jpg; /RADIATE_BMP/RADIATE_450_COLOR_BMP/BF/BF05/BF05_AC.jpg,exp,p,c,BF
184,/RADIATE_BMP/RADIATE_450_COLOR_BMP/WF/WF10/WF10_NC.jpg,/RADIATE_BMP/RADIATE_450_COLOR_BMP/WF/WF08/WF08_AC.jpg; /RADIATE_BMP/RADIATE_450_COLOR_BMP/WF/WF03/WF03_AC.jpg; /RADIATE_BMP/RADIATE_450_COLOR_BMP/WF/WF06/WF06_AC.jpg; /RADIATE_BMP/RADIATE_450_COLOR_BMP/WF/WF09/WF09_AC.jpg,exp,q,i,WF
185,/RADIATE_BMP/RADIATE_450_COLOR_BMP/BF/BF04/BF04_AC.jpg,/RADIATE_BMP/RADIATE_450_COLOR_BMP/BF/BF15/BF15_AC.jpg; /RADIATE_BMP/RADIATE_450_COLOR_BMP/BF/BF07/BF07_AC.jpg; /RADIATE_BMP/RADIATE_450_COLOR_BMP/BF/BF06/BF06_AC.jpg; /RADIATE_BMP/RADIATE_450_COLOR_BMP/BF/BF12/BF12_AC.jpg,exp,p,c,BF
186,/RADIATE_BMP/RADIATE_450_COLOR_BMP/BF/BF04/BF04_AC.jpg,/RADIATE_BMP/RADIATE_450_COLOR_BMP/BF/BF06/BF06_NC.jpg; /RADIATE_BMP/RADIATE_450_COLOR_BMP/BF/BF05/BF05_NC.jpg; /RADIATE_BMP/RADIATE_450_COLOR_BMP/BF/BF03/BF03_NC.jpg; /RADIATE_BMP/RADIATE_450_COLOR_BMP/BF/BF10/BF10_NC.jpg,exp,p,i,BF
187,/RADIATE_BMP/RADIATE_450_COLOR_BMP/BF/BF07/BF07_NC.jpg,/RADIATE_BMP/RADIATE_450_COLOR_BMP/BF/BF12/BF12_AC.jpg; /RADIATE_BMP/RADIATE_450_COLOR_BMP/BF/BF15/BF15_AC.jpg; /RADIATE_BMP/RADIATE_450_COLOR_BMP/BF/BF13/BF13_AC.jpg; /RADIATE_BMP/RADIATE_450_COLOR_BMP/BF/BF04/BF04_AC.jpg,exp,q,i,BF
188,/RADIATE_BMP/RADIATE_450_COLOR_BMP/BF/BF13/BF13_NC.jpg,/RADIATE_BMP/RADIATE_450_COLOR_BMP/BF/BF09/BF09_NC.jpg; /RADIATE_BMP/RADIATE_450_COLOR_BMP/BF/BF06/BF06_NC.jpg; /RADIATE_BMP/RADIATE_450_COLOR_BMP/BF/BF14/BF14_NC.jpg; /RADIATE_BMP/RADIATE_450_COLOR_BMP/BF/BF10/BF10_NC.jpg,exp,q,c,BF
189,/RADIATE_BMP/RADIATE_450_COLOR_BMP/WF/WF12/WF12_AC.jpg,/RADIATE_BMP/RADIATE_450_COLOR_BMP/WF/WF04/WF04_AC.jpg; /RADIATE_BMP/RADIATE_450_COLOR_BMP/WF/WF11/WF11_AC.jpg; /RADIATE_BMP/RADIATE_450_COLOR_BMP/WF/WF07/WF07_AC.jpg; /RADIATE_BMP/RADIATE_450_COLOR_BMP/WF/WF14/WF14_AC.jpg,exp,p,c,WF
190,/RADIATE_BMP/RADIATE_450_COLOR_BMP/WF/WF09/WF09_NC.jpg,/RADIATE_BMP/RADIATE_450_COLOR_BMP/WF/WF08/WF08_AC.jpg; /RADIATE_BMP/RADIATE_450_COLOR_BMP/WF/WF10/WF10_AC.jpg; /RADIATE_BMP/RADIATE_450_COLOR_BMP/WF/WF02/WF02_AC.jpg; /RADIATE_BMP/RADIATE_450_COLOR_BMP/WF/WF11/WF11_AC.jpg,exp,q,i,WF
191,/RADIATE_BMP/RADIATE_450_COLOR_BMP/BF/BF05/BF05_NC.jpg,/RADIATE_BMP/RADIATE_450_COLOR_BMP/BF/BF15/BF15_AC.jpg; /RADIATE_BMP/RADIATE_450_COLOR_BMP/BF/BF03/BF03_AC.jpg; /RADIATE_BMP/RADIATE_450_COLOR_BMP/BF/BF06/BF06_AC.jpg; /RADIATE_BMP/RADIATE_450_COLOR_BMP/BF/BF04/BF04_AC.jpg,exp,q,i,BF
192,/RADIATE_BMP/RADIATE_450_COLOR_BMP/BF/BF08/BF08_NC.jpg,/RADIATE_BMP/RADIATE_450_COLOR_BMP/BF/BF07/BF07_NC.jpg; /RADIATE_BMP/RADIATE_450_COLOR_BMP/BF/BF15/BF15_NC.jpg; /RADIATE_BMP/RADIATE_450_COLOR_BMP/BF/BF04/BF04_NC.jpg; /RADIATE_BMP/RADIATE_450_COLOR_BMP/BF/BF10/BF10_NC.jpg,exp,q,c,BF
193,/RADIATE_BMP/RADIATE_450_COLOR_BMP/BF/BF05/BF05_AC.jpg,/RADIATE_BMP/RADIATE_450_COLOR_BMP/BF/BF03/BF03_NC.jpg; /RADIATE_BMP/RADIATE_450_COLOR_BMP/BF/BF11/BF11_NC.jpg; /RADIATE_BMP/RADIATE_450_COLOR_BMP/BF/BF02/BF02_NC.jpg; /RADIATE_BMP/RADIATE_450_COLOR_BMP/BF/BF08/BF08_NC.jpg,exp,p,i,BF
194,/RADIATE_BMP/RADIATE_450_COLOR_BMP/BF/BF07/BF07_AC.jpg,/RADIATE_BMP/RADIATE_450_COLOR_BMP/BF/BF12/BF12_AC.jpg; /RADIATE_BMP/RADIATE_450_COLOR_BMP/BF/BF14/BF14_AC.jpg; /RADIATE_BMP/RADIATE_450_COLOR_BMP/BF/BF13/BF13_AC.jpg; /RADIATE_BMP/RADIATE_450_COLOR_BMP/BF/BF15/BF15_AC.jpg,exp,p,c,BF
195,/RADIATE_BMP/RADIATE_450_COLOR_BMP/BF/BF02/BF02_AC.jpg,/RADIATE_BMP/RADIATE_450_COLOR_BMP/BF/BF03/BF03_AC.jpg; /RADIATE_BMP/RADIATE_450_COLOR_BMP/BF/BF12/BF12_AC.jpg; /RADIATE_BMP/RADIATE_450_COLOR_BMP/BF/BF04/BF04_AC.jpg; /RADIATE_BMP/RADIATE_450_COLOR_BMP/BF/BF09/BF09_AC.jpg,exp,p,c,BF
196,/RADIATE_BMP/RADIATE_450_COLOR_BMP/BF/BF13/BF13_AC.jpg,/RADIATE_BMP/RADIATE_450_COLOR_BMP/BF/BF05/BF05_NC.jpg; /RADIATE_BMP/RADIATE_450_COLOR_BMP/BF/BF02/BF02_NC.jpg; /RADIATE_BMP/RADIATE_450_COLOR_BMP/BF/BF03/BF03_NC.jpg; /RADIATE_BMP/RADIATE_450_COLOR_BMP/BF/BF09/BF09_NC.jpg,exp,p,i,BF
197,/RADIATE_BMP/RADIATE_450_COLOR_BMP/WF/WF13/WF13_NC.jpg,/RADIATE_BMP/RADIATE_450_COLOR_BMP/WF/WF04/WF04_NC.jpg; /RADIATE_BMP/RADIATE_450_COLOR_BMP/WF/WF06/WF06_NC.jpg; /RADIATE_BMP/RADIATE_450_COLOR_BMP/WF/WF11/WF11_NC.jpg; /RADIATE_BMP/RADIATE_450_COLOR_BMP/WF/WF07/WF07_NC.jpg,exp,q,c,WF
198,/RADIATE_BMP/RADIATE_450_COLOR_BMP/WF/WF10/WF10_AC.jpg,/RADIATE_BMP/RADIATE_450_COLOR_BMP/WF/WF06/WF06_AC.jpg; /RADIATE_BMP/RADIATE_450_COLOR_BMP/WF/WF02/WF02_AC.jpg; /RADIATE_BMP/RADIATE_450_COLOR_BMP/WF/WF08/WF08_AC.jpg; /RADIATE_BMP/RADIATE_450_COLOR_BMP/WF/WF05/WF05_AC.jpg,exp,p,c,WF
199,/RADIATE_BMP/RADIATE_450_COLOR_BMP/WF/WF15/WF15_AC.jpg,/RADIATE_BMP/RADIATE_450_COLOR_BMP/WF/WF10/WF10_AC.jpg; /RADIATE_BMP/RADIATE_450_COLOR_BMP/WF/WF05/WF05_AC.jpg; /RADIATE_BMP/RADIATE_450_COLOR_BMP/WF/WF13/WF13_AC.jpg; /RADIATE_BMP/RADIATE_450_COLOR_BMP/WF/WF03/WF03_AC.jpg,exp,p,c,WF
200,/RADIATE_BMP/RADIATE_450_COLOR_BMP/BF/BF04/BF04_NC.jpg,/RADIATE_BMP/RADIATE_450_COLOR_BMP/BF/BF05/BF05_NC.jpg; /RADIATE_BMP/RADIATE_450_COLOR_BMP/BF/BF07/BF07_NC.jpg; /RADIATE_BMP/RADIATE_450_COLOR_BMP/BF/BF11/BF11_NC.jpg; /RADIATE_BMP/RADIATE_450_COLOR_BMP/BF/BF06/BF06_NC.jpg,exp,q,c,BF
